"Extracted from the UNHCR Population Statistics Reference Database, United Nations High Commissioner for Refugees."
Date extracted: 2014-05-12 18:08 +00:00

"Demographic composition of populations of concern to UNHCR"

Year,Country/territory of residence,Location of residence,Female 0-4,Female 5-11,Female 12-17,Female 18-59,Female 60+,Female unknown age,Female total,Male 0-4,Male 5-11,Male 12-17,Male 18-59,Male 60+,Male unknown age,Male total,Overall total
2012,Afghanistan,Badakhshan,39,131,78,216,10,,474,36,128,131,844,26,,1165,1639
2012,Afghanistan,Badghis,140,908,921,2175,145,,4289,123,941,993,2522,225,,4804,9093
2012,Afghanistan,Baghlan,1452,2902,1797,4844,243,,11238,1526,2929,1924,4899,488,,11766,23004
2012,Afghanistan,Balkh,1320,3037,2277,6413,430,,13477,1369,3103,2465,6638,669,,14244,27721
2012,Afghanistan,Bamyan,100,170,135,483,37,,925,73,192,148,539,57,,1009,1934
2012,Afghanistan,Day Kundi,63,313,147,463,23,,1009,65,291,197,468,43,,1064,2073
2012,Afghanistan,Farah,362,1259,1234,2865,190,,5910,381,1362,1268,3115,273,,6399,12309
2012,Afghanistan,Faryab,741,3245,2957,7457,501,,14901,800,3396,3086,8287,817,,16386,31287
2012,Afghanistan,Ghazni,927,5226,3282,8551,570,,18556,912,5586,3655,9492,895,,20540,39096
2012,Afghanistan,Ghor,212,2283,2418,5654,394,,10961,220,2380,2596,6493,588,,12277,23238
2012,Afghanistan,Hilmand,1596,7946,7211,17165,1185,,35103,1613,8261,7959,19156,1799,,38788,73891
2012,Afghanistan,Hirat,1716,10580,10976,27260,1811,,52343,1841,11041,11624,31304,2695,,58505,110848
2012,Afghanistan,Jawzjan,1308,3279,2468,7786,588,,15429,1295,3443,2587,8076,872,,16273,31702
2012,Afghanistan,Kabul,6844,14996,10735,31005,1485,,65065,7138,15733,11626,29157,2594,,66248,131313
2012,Afghanistan,Kandahar,2643,10703,7298,18162,1205,,40011,2677,11137,8367,19836,1770,,43787,83798
2012,Afghanistan,Kapisa,352,2086,2055,4883,318,,9694,365,2158,2195,5441,488,,10647,20341
2012,Afghanistan,Khost,443,1333,1114,2773,197,,5860,454,1455,1285,2816,305,,6315,12175
2012,Afghanistan,Kunar,4435,10930,7702,18480,980,,42527,4472,11565,8493,19152,1707,,45389,87916
2012,Afghanistan,Kunduz,4113,8128,4450,12288,583,,29562,4400,8547,4890,12227,1022,,31086,60648
2012,Afghanistan,Laghman,3344,8981,5429,13235,598,,31587,3284,9197,6117,13245,1063,,32906,64493
2012,Afghanistan,Logar,1632,4295,3132,7672,406,,17137,1737,4528,3305,7211,734,,17515,34652
2012,Afghanistan,Nangarhar,19929,67216,40088,95730,5035,,227998,20051,69402,43791,96222,7729,,237195,465193
2012,Afghanistan,Nimroz,31,100,96,227,17,,471,54,118,97,274,26,,569,1040
2012,Afghanistan,Nuristan,77,513,511,1185,80,,2366,77,525,549,1343,118,,2612,4978
2012,Afghanistan,Paktika,86,596,464,1113,71,,2330,92,652,509,1243,104,,2600,4930
2012,Afghanistan,Paktya,1780,3546,2357,6194,339,,14216,1889,3530,2680,5163,653,,13915,28131
2012,Afghanistan,Panjsher,42,99,97,237,13,,488,39,110,98,253,19,,519,1007
2012,Afghanistan,Parwan,718,1713,1285,3359,152,,7227,751,1814,1387,3584,272,,7808,15035
2012,Afghanistan,Samangan,256,555,331,882,55,,2079,225,536,345,890,86,,2082,4161
2012,Afghanistan,Sari Pul,620,2061,1778,4353,315,,9127,659,2192,1946,4747,480,,10024,19151
2012,Afghanistan,Takhar,767,1434,828,2195,107,,5331,776,1503,873,2615,215,,5982,11313
2012,Afghanistan,Uruzgan,264,2285,2240,5290,366,,10445,250,2360,2412,5977,537,,11536,21981
2012,Afghanistan,Wardak,376,1448,1367,3541,183,,6915,365,1521,1457,3670,342,,7355,14270
2012,Afghanistan,Zabul,302,1822,1558,3772,251,,7705,314,1899,1731,4205,404,,8553,16258
2012,Afghanistan,Dispersed in country,214,62,20,718,7,,1021,218,71,15,3353,*,,3657,4678
2012,Albania,Mamurras,,,,*,,,*,,,,,,,*,*
2012,Albania,Peshkopi,,,,,*,,*,,,,,,,,*
2012,Albania,Tirana Camp,6,,*,13,*,,19,*,*,*,23,*,,23,42
2012,Albania,Tirana Urban,*,*,*,11,*,,11,6,,*,18,*,,24,35
2012,Albania,Dispersed in country,,,,*,,,*,,,,*,,,*,*
2012,Algeria,Alger,7,,*,29,,,36,11,9,10,53,*,,83,119
2012,Algeria,Tindouf,,,,,,,,,,,,,,,90000
2012,Algeria,Dispersed in country,62,23,27,353,*,,465,75,27,70,1089,7,,1268,5738
2012,Angola,Bengo,,,,,,,,,,,,,,,636
2012,Angola,Kuanza Norte,,,,,,,,,,,,,,,48
2012,Angola,Kuanza Sul,,,,,,,,,,,,,,,154
2012,Angola,Luanda,,,,,,,,,,,,,,,12300
2012,Angola,Lunda Norte,,,,,,,,,,,,,,,601
2012,Angola,Lunda Sul,,,,,,,,,,,,,,,1680
2012,Angola,Malanje,,,,,,,,,,,,,,,878
2012,Angola,Moxico,,,,,,,,,,,,,,,3072
2012,Angola,Zaire,,,,,,,,,,,,,,,21
2012,Argentina,Dispersed in country,15,68,82,852,70,,1087,22,55,102,2151,46,,2376,3463
2012,Armenia,Aragatsotn,,,,40,19,,59,,,,32,10,,42,101
2012,Armenia,Ararat,,,,38,34,,72,,,,67,40,,107,179
2012,Armenia,Armavir,,,,52,38,,90,,,,51,17,,68,158
2012,Armenia,Gergharkunik,,,,35,15,,50,,,,41,13,,54,104
2012,Armenia,Kotayk,,,,98,60,,158,,,,102,36,,138,296
2012,Armenia,Lori,,,,44,14,,58,,,,43,10,,53,111
2012,Armenia,Shirak,,,,17,*,,17,,,,16,*,,16,33
2012,Armenia,Syunik,,,,59,18,,77,,,,59,6,,65,142
2012,Armenia,Tavush,,,,8,22,,30,,,,*,5,,5,35
2012,Armenia,Vayots Dzor,,,,*,,,*,,,,*,,,*,*
2012,Armenia,Yerevan,45,72,87,615,205,,1035,57,75,87,703,129,,1064,7599
2012,Aruba,Oranjestad,,,,*,,,*,,,,*,,,*,*
2012,Austria,Dispersed in country,,,,,,,5835,,,,,,,15971,22971
2012,Azerbaijan,Absheron,,,,,,,,,,,,,,,17267
2012,Azerbaijan,Aghdam,,,,,,,,,,,,,,,38109
2012,Azerbaijan,Aghdash,,,,,,,,,,,,,,,3259
2012,Azerbaijan,Aghjabedi,,,,,,,,,,,,,,,14630
2012,Azerbaijan,Aghstafa,,,,,,,,,,,,,,,302
2012,Azerbaijan,Aghsu,,,,,,,,,,,,,,,1680
2012,Azerbaijan,Astara,,,,,,,,,,,,,,,44
2012,Azerbaijan,Baku,79,118,83,348,32,,660,73,121,90,536,26,,846,189966
2012,Azerbaijan,Balakan,,,,,,,,,,,,,,,227
2012,Azerbaijan,Barda,,,,,,,,,,,,,,,33645
2012,Azerbaijan,Beylagan,,,,,,,,,,,,,,,14619
2012,Azerbaijan,Bilasuvar,,,,,,,,,,,,,,,19510
2012,Azerbaijan,Dashkasan,,,,,,,,,,,,,,,1216
2012,Azerbaijan,Fuzuli,,,,,,,,,,,,,,,66641
2012,Azerbaijan,Gadabay,,,,,,,,,,,,,,,301
2012,Azerbaijan,Ganja,,,,,,,,,,,,,,,15623
2012,Azerbaijan,Gobustan,,,,,,,,,,,,,,,472
2012,Azerbaijan,Goranboy,,,,,,,,,,,,,,,11595
2012,Azerbaijan,Goychay,,,,,,,,,,,,,,,1862
2012,Azerbaijan,Goygol,,,,,,,,,,,,,,,6321
2012,Azerbaijan,Hajigabul,,,,,,,,,,,,,,,1601
2012,Azerbaijan,Imishli,,,,,,,,,,,,,,,4524
2012,Azerbaijan,Ismayilli,,,,,,,,,,,,,,,3413
2012,Azerbaijan,Jalilabad,,,,,,,,,,,,,,,1287
2012,Azerbaijan,Khachmaz,,,,,,,,,,,,,,,502
2012,Azerbaijan,Khizi,,,,,,,,,,,,,,,391
2012,Azerbaijan,Kurdamir,,,,,,,,,,,,,,,2214
2012,Azerbaijan,Lachin,,,,,,,,,,,,,,,10176
2012,Azerbaijan,Lankaran,,,,,,,,,,,,,,,258
2012,Azerbaijan,Masalli,,,,,,,,,,,,,,,336
2012,Azerbaijan,Mingechavir,,,,,,,,,,,,,,,20324
2012,Azerbaijan,Naftalan,,,,,,,,,,,,,,,577
2012,Azerbaijan,Nakhchivan,,,,,,,,,,,,,,,980
2012,Azerbaijan,Neftchala,,,,,,,,,,,,,,,285
2012,Azerbaijan,Oghuz,,,,,,,,,,,,,,,2779
2012,Azerbaijan,Qabala,,,,,,,,,,,,,,,1972
2012,Azerbaijan,Qakh,,,,,,,,,,,,,,,1116
2012,Azerbaijan,Qazakh,,,,,,,,,,,,,,,7527
2012,Azerbaijan,Quba,,,,,,,,,,,,,,,265
2012,Azerbaijan,Qusar,,,,,,,,,,,,,,,35
2012,Azerbaijan,Saatli,,,,,,,,,,,,,,,3117
2012,Azerbaijan,Sabirabad,,,,,,,,,,,,,,,5946
2012,Azerbaijan,Salyan,,,,,,,,,,,,,,,1066
2012,Azerbaijan,Samukh,,,,,,,,,,,,,,,1855
2012,Azerbaijan,Shabran,,,,,,,,,,,,,,,340
2012,Azerbaijan,Shaki,,,,,,,,,,,,,,,5129
2012,Azerbaijan,Shamakhi,,,,,,,,,,,,,,,1036
2012,Azerbaijan,Shamkir,,,,,,,,,,,,,,,1923
2012,Azerbaijan,Shirvan,,,,,,,,,,,,,,,3783
2012,Azerbaijan,Siyazan,,,,,,,,,,,,,,,126
2012,Azerbaijan,Sumgayit,,,,,,,,,,,,,,,52246
2012,Azerbaijan,Tartar,,,,,,,,,,,,,,,15264
2012,Azerbaijan,Tovuz,,,,,,,,,,,,,,,36
2012,Azerbaijan,Ujar,,,,,,,,,,,,,,,914
2012,Azerbaijan,Yevlakh,,,,,,,,,,,,,,,11631
2012,Azerbaijan,Zagatala,,,,,,,,,,,,,,,393
2012,Azerbaijan,Zardab,,,,,,,,,,,,,,,785
2012,Bahamas,Dispersed in country,,,,*,,,*,*,*,*,44,,,44,44
2012,Bahrain,Dispersed in country,27,20,17,103,5,,172,16,12,12,115,12,,167,339
2012,Bangladesh,Bandarban,*,6,*,17,*,,23,*,7,8,26,*,,41,64
2012,Bangladesh,Barguna,,,,,,,,,,,*,,,*,*
2012,Bangladesh,Chittagong,,,,*,,,*,,,,5,,,5,5
2012,Bangladesh,Cox's Bazar,*,*,*,15,,,15,,,*,39,*,,39,54
2012,Bangladesh,Dhaka,*,7,*,12,,,19,*,*,*,20,*,,20,39
2012,Bangladesh,Gazipur,*,*,,*,,,*,,,,6,,,6,6
2012,Bangladesh,Kutupalong,983,1440,1121,2652,136,,6332,1008,1467,1133,2321,143,,6072,12404
2012,Bangladesh,Narsingdi,,,,*,,,*,,,,*,,,*,*
2012,Bangladesh,Nayapara,1374,2162,1702,4019,194,,9451,1392,2238,1625,3157,203,,8615,18066
2012,Bangladesh,Rangamati,*,*,*,*,,,*,,,,5,*,,5,5
2012,Bangladesh,Dispersed in country,,,,,,,,,,,,,,,200000
2012,Barbados,Dispersed in country,,,,,,,,,,,,*,,*,*
2012,Belarus,Brest,,,,,,,,,,,7,*,,7,399
2012,Belarus,Gomel,5,,5,19,*,,29,5,,*,39,*,,44,1066
2012,Belarus,Grodno,,,,*,,,*,,,,7,,,7,917
2012,Belarus,Horad Minsk,12,27,28,74,10,,151,15,22,21,152,*,,210,992
2012,Belarus,Minsk,,,*,29,*,,29,*,*,6,31,,,37,1661
2012,Belarus,Mogilev,,,*,14,,,14,,,,20,,,20,876
2012,Belarus,Vitebsk,*,*,*,11,*,,11,*,*,*,21,*,,21,1638
2012,Belgium,Dispersed in country,,,,,,,10938,,,,,,,14984,40958
2012,Belize,Dispersed in country,*,9,*,25,*,,34,*,*,12,38,7,,57,91
2012,Benin,Agame,136,204,118,551,18,,1027,140,231,128,819,13,,1331,2358
2012,Benin,Dispersed in country,165,228,133,725,17,,1268,198,206,159,887,21,,1471,2739
2012,Bolivia (Plurinational State of),Beni,,,*,,,,*,,,*,*,,,*,*
2012,Bolivia (Plurinational State of),Cochabamba,*,6,5,13,,,24,*,5,6,22,,,33,57
2012,Bolivia (Plurinational State of),La Paz,,7,27,113,*,,147,*,14,27,156,7,,204,351
2012,Bolivia (Plurinational State of),Palos Blanco,,,,*,,,*,,,,*,,,*,*
2012,Bolivia (Plurinational State of),Santa Cruz,5,,5,16,*,,26,*,*,7,31,*,,38,64
2012,Bolivia (Plurinational State of),Sucre,,,,,,,,,,,*,,,*,*
2012,Bolivia (Plurinational State of),Tarija,,,,*,,,*,,,,*,,,*,*
2012,Bolivia (Plurinational State of),Yapacani,,,*,*,,,*,,,,5,,,5,5
2012,Bolivia (Plurinational State of),Dispersed in country,,,5,85,*,,90,,,*,129,*,,129,219
2012,Bosnia and Herzegovina,Brcko,*,*,*,12,*,,263,,,*,11,*,,272,535
2012,Bosnia and Herzegovina,Federacija Bosna i Hercegovina,6,14,12,46,*,,21792,*,21,11,60,*,,22691,44483
2012,Bosnia and Herzegovina,Republika Srpska,*,*,*,13,,,30994,,,*,5,,,32249,63243
2012,Bosnia and Herzegovina,Dispersed in country,,128,262,2375,582,,33848,,159,208,2371,624,,35129,68977
2012,Botswana,Dukwi,195,263,199,568,34,,1259,210,267,179,1479,46,,2181,3440
2012,Brazil,Acre,*,7,21,245,,,273,*,10,45,1362,15,,1432,1705
2012,Brazil,Amazonas,,,37,548,*,,585,*,5,107,3437,36,,3585,4170
2012,Brazil,Bahia,,,,*,,,*,,,,*,,,*,*
2012,Brazil,Ceará,,,,*,,,*,,,,6,,,6,6
2012,Brazil,Distrito Federal,*,*,*,19,*,,19,*,*,*,220,*,,220,239
2012,Brazil,Espirito Santo,,,,,,,,,,,*,,,*,*
2012,Brazil,Goias,,,,*,*,,*,,,,*,,,*,*
2012,Brazil,Mato Grosso,,,,*,,,*,,,,8,,,8,8
2012,Brazil,Mato Grosso do Sul,,,,*,,,*,,,*,11,,,11,11
2012,Brazil,Minas Gerais,,,*,*,,,*,,,,12,,,12,12
2012,Brazil,Paraná,,,*,10,,,10,,,*,40,*,,40,50
2012,Brazil,Pará,,,,,,,,,,,*,,,*,*
2012,Brazil,Pernambuco,,,,,,,,,,,*,,,*,*
2012,Brazil,Rio Grande do Norte,*,*,,5,,,5,,,,11,,,11,16
2012,Brazil,Rio Grande do Sul,*,11,16,64,*,,91,*,20,15,100,*,,135,226
2012,Brazil,Rio de Janeiro,8,26,26,581,15,,656,10,24,31,1516,25,,1606,2262
2012,Brazil,Rondonia,,,,,,,,,,,*,,,*,*
2012,Brazil,Roraima,*,*,,*,,,*,,,,9,,,9,9
2012,Brazil,Santa Catarina,,,*,5,,,5,,,*,23,,,23,28
2012,Brazil,Sao Paulo,10,35,40,482,26,,593,13,41,51,1802,30,,1937,2530
2012,Brazil,Dispersed in country,5,18,32,77,*,,132,*,21,70,117,12,,220,352
2012,British Virgin Islands,Tortola,,,,,,,,,,,*,,,*,*
2012,Brunei Darussalam,Dispersed in country,,,,,,,,,,,,,,,21009
2012,Bulgaria,Dispersed in country,,,,,,,152,,,,,,,1077,3517
2012,Burkina Faso,Bobo-Dioulasso,136,183,166,432,32,,949,129,184,116,508,40,,977,1926
2012,Burkina Faso,Damba,255,281,136,590,37,,1299,263,342,160,603,70,,1438,2737
2012,Burkina Faso,Deou,152,244,148,401,39,,984,173,281,128,421,53,,1056,2040
2012,Burkina Faso,Djibissi,329,446,250,761,43,,1829,352,570,307,832,59,,2120,3949
2012,Burkina Faso,Fererio,500,710,307,1184,83,,2784,526,764,342,1238,107,,2977,5761
2012,Burkina Faso,Gandafabou,283,328,166,609,83,,1469,300,383,174,581,67,,1505,2974
2012,Burkina Faso,Gorom-Gorom,15,28,13,40,*,,96,20,31,37,69,5,,162,258
2012,Burkina Faso,Goudebo,389,527,312,1024,86,,2338,443,637,350,1052,123,,2605,4943
2012,Burkina Faso,Gountoure Gnegne,284,414,185,623,34,,1540,336,438,212,560,43,,1589,3129
2012,Burkina Faso,Mentao,577,795,418,1472,143,,3405,685,755,482,1440,138,,3500,6905
2012,Burkina Faso,Ouagadougou,89,117,93,378,10,,687,76,109,109,735,18,,1047,1734
2012,Burkina Faso,Ouahigouya,8,9,5,14,*,,36,5,,*,16,*,,21,57
2012,Burkina Faso,Sag-Nioniogo,225,278,132,557,48,,1240,220,370,210,611,47,,1458,2698
2012,Burkina Faso,Tin-Hedja,59,106,49,156,9,,379,67,126,87,199,16,,495,874
2012,Burundi,Bujumbura,1304,2422,2023,5404,279,,11432,1320,2389,2012,4559,189,,10469,21901
2012,Burundi,Butare,30,30,10,65,*,,135,20,27,14,54,*,,115,250
2012,Burundi,Bwagiriza,1090,1165,711,2116,100,,5182,1119,1289,702,1738,75,,4923,10105
2012,Burundi,Kinama,797,1359,738,1982,93,,4969,826,1314,774,1536,61,,4511,9480
2012,Burundi,Musasa,609,893,517,1292,57,,3368,591,911,540,1065,25,,3132,6500
2012,Burundi,Dispersed in country,9050,11627,8637,24422,1700,,55476,8999,11607,9309,27111,3387,,60486,115962
2012,Cambodia,Phnom Penh Urban,,,*,13,*,,13,*,6,7,38,*,,51,64
2012,Cambodia,Dispersed in country,*,*,,*,,,*,,,,20,,,20,20
2012,Cameroon,Adinkol,27,39,26,78,*,,170,34,44,30,49,7,,164,334
2012,Cameroon,Babongo,,,*,7,,,7,*,*,*,5,*,,5,12
2012,Cameroon,Bafouck,44,102,48,140,6,,340,49,66,54,139,12,,320,660
2012,Cameroon,Bagodo,103,245,148,333,11,,840,126,254,168,203,35,,786,1626
2012,Cameroon,Batoua Godole,204,390,235,597,33,,1459,179,399,248,370,52,,1248,2707
2012,Cameroon,Bazzama,58,106,78,187,9,,438,61,102,74,119,12,,368,806
2012,Cameroon,Bedobo,34,82,67,163,*,,346,35,76,47,117,6,,281,627
2012,Cameroon,Belel,,,*,*,,,*,,,*,8,,,8,8
2012,Cameroon,Betare Oya,,,,*,,,*,,,,9,,,9,9
2012,Cameroon,Borgop,33,88,49,102,11,,283,43,76,43,70,6,,238,521
2012,Cameroon,Boubara,42,80,89,194,10,,415,39,88,74,164,20,,385,800
2012,Cameroon,Boulembe,64,134,94,174,13,,479,68,116,76,121,11,,392,871
2012,Cameroon,Bouli,79,85,63,171,6,,404,41,76,61,113,9,,300,704
2012,Cameroon,Dakere Babongo,49,89,55,128,5,,326,54,103,54,77,10,,298,624
2012,Cameroon,Dang Patou,52,75,50,149,6,,332,51,73,41,103,9,,277,609
2012,Cameroon,Digou Adamou,17,17,12,32,*,,78,9,24,10,28,*,,71,149
2012,Cameroon,Dir,55,92,62,137,*,,346,46,97,60,90,12,,305,651
2012,Cameroon,Djalingo,46,68,49,128,12,,303,37,95,64,83,7,,286,589
2012,Cameroon,Djohong,48,78,49,119,6,,300,48,64,36,95,12,,255,555
2012,Cameroon,Douala,,,,*,,,*,,,,*,,,*,*
2012,Cameroon,Fada,40,65,48,106,6,,265,44,70,40,72,11,,237,502
2012,Cameroon,Gado Badzere,56,97,77,159,14,,403,60,100,81,110,16,,367,770
2012,Cameroon,Gandinang,*,*,*,*,,,*,,,*,*,,,*,*
2012,Cameroon,Garga Libona,117,198,125,338,19,,797,120,218,133,208,24,,703,1500
2012,Cameroon,Garga Sarali,69,96,73,210,15,,463,72,147,76,195,14,,504,967
2012,Cameroon,Gargapela,66,129,86,190,13,,484,72,139,74,110,14,,409,893
2012,Cameroon,Garoua-Boulai,419,907,662,1561,84,,3633,422,934,682,1011,107,,3156,6789
2012,Cameroon,Gbakim,35,60,40,115,*,,250,32,55,45,109,9,,250,500
2012,Cameroon,Gbiti,400,763,554,1589,57,,3363,408,775,574,1261,145,,3163,6526
2012,Cameroon,Goro,55,113,65,144,9,,386,55,107,52,112,17,,343,729
2012,Cameroon,Goundjel,,6,*,11,,,17,,,*,13,,,13,30
2012,Cameroon,Guiwa Yangamo,53,96,80,175,14,,418,75,86,82,126,18,,387,805
2012,Cameroon,Kenzou,171,399,319,753,41,,1683,179,434,263,436,55,,1367,3050
2012,Cameroon,Kette,76,201,165,417,19,,878,91,228,148,291,38,,796,1674
2012,Cameroon,Kole,26,47,47,88,*,,208,19,56,39,44,*,,158,366
2012,Cameroon,Kombo Laka,56,133,79,198,17,,483,69,120,83,187,19,,478,961
2012,Cameroon,Kouba,17,61,51,75,*,,204,12,49,41,36,7,,145,349
2012,Cameroon,Langui,49,57,27,108,6,,247,45,59,16,129,*,,249,496
2012,Cameroon,Lokoti,67,134,77,204,12,,494,49,141,94,163,13,,460,954
2012,Cameroon,Mandjou,130,286,221,487,30,,1154,134,282,191,290,41,,938,2092
2012,Cameroon,Mbarang,67,114,69,157,10,,417,77,98,65,102,11,,353,770
2012,Cameroon,Mbewe,11,18,17,21,*,,67,20,11,7,26,*,,64,131
2012,Cameroon,Mbile,64,120,90,227,9,,510,50,116,95,156,12,,429,939
2012,Cameroon,Mbondo,29,74,43,114,6,,266,21,73,36,93,14,,237,503
2012,Cameroon,Mbonga,30,61,62,115,7,,275,28,72,52,92,12,,256,531
2012,Cameroon,Mborguene,32,80,49,117,5,,283,34,70,65,115,7,,291,574
2012,Cameroon,Mboula,50,102,72,147,10,,381,44,102,45,112,18,,321,702
2012,Cameroon,Mboumama,82,139,114,285,8,,628,101,145,99,237,19,,601,1229
2012,Cameroon,Meidougou,309,534,405,885,41,,2174,309,586,399,581,66,,1941,4115
2012,Cameroon,Meiganga,146,352,255,559,24,,1336,195,394,261,416,53,,1319,2655
2012,Cameroon,Mikila,38,78,57,129,*,,302,40,77,53,89,13,,272,574
2012,Cameroon,Mimbang,*,11,8,26,,,45,*,9,12,24,*,,45,90
2012,Cameroon,Mobe,26,56,29,100,*,,211,27,71,34,62,12,,206,417
2012,Cameroon,Nabemo,68,100,73,165,6,,412,72,125,70,132,14,,413,825
2012,Cameroon,Nandoungue,85,162,106,230,14,,597,96,161,96,159,16,,528,1125
2012,Cameroon,Ndanga Gandima,45,99,57,198,10,,409,58,99,90,138,18,,403,812
2012,Cameroon,Ndokayo,246,396,304,704,36,,1686,202,397,324,607,71,,1601,3287
2012,Cameroon,Ngaoui,544,1118,823,1751,102,,4338,598,1128,803,1113,161,,3803,8141
2012,Cameroon,Ngazi,19,21,15,36,*,,91,14,21,12,27,,,74,165
2012,Cameroon,Nguindi,33,63,45,109,*,,250,27,55,38,64,11,,195,445
2012,Cameroon,Ngunbela,10,34,14,72,*,,130,16,44,35,44,5,,144,274
2012,Cameroon,Nyabi,139,325,264,627,29,,1384,145,306,248,446,51,,1196,2580
2012,Cameroon,Ouro-Adde,103,181,133,272,16,,705,91,209,129,187,13,,629,1334
2012,Cameroon,Samba,38,75,55,123,5,,296,27,61,47,78,6,,219,515
2012,Cameroon,Sandaye,19,31,20,41,*,,111,19,28,19,30,*,,96,207
2012,Cameroon,Tapare,12,29,21,40,*,,102,14,44,19,30,6,,113,215
2012,Cameroon,Timangolo,47,77,48,121,10,,303,41,69,61,82,11,,264,567
2012,Cameroon,Toktoyo,133,251,168,436,22,,1010,133,321,167,299,38,,958,1968
2012,Cameroon,Tongo Gandima,88,206,144,358,14,,810,113,218,165,269,41,,806,1616
2012,Cameroon,Woumbou,31,64,51,131,*,,277,21,59,56,106,7,,249,526
2012,Cameroon,Yamba,140,296,171,397,26,,1030,116,271,163,283,21,,854,1884
2012,Cameroon,Yaounde,,,,7,,,7,*,*,,52,,,52,59
2012,Cameroon,Yarmbang,72,167,91,242,10,,582,71,137,88,141,16,,453,1035
2012,Cameroon,Yokosire,64,139,133,282,19,,637,68,155,112,186,41,,562,1199
2012,Cameroon,Zembe Borongo,198,357,281,679,34,,1549,204,420,254,382,56,,1316,2865
2012,Cameroon,Dispersed in country,711,1289,955,3464,102,,6521,726,1301,870,4722,146,,7765,14286
2012,Canada,Dispersed in country,1408,1948,1465,13677,1065,,19563,1447,1966,1605,17773,583,,23374,42937
2012,Cayman Islands,Dispersed in country,,,,,,,,,,,*,,,*,*
2012,Central African Republic,Bambari,215,263,148,388,36,,1050,223,291,118,237,48,,917,3167
2012,Central African Republic,Bamingui-Bangoran,,,,,,,,,,,,,,,14659
2012,Central African Republic,Bangui,253,372,288,821,30,,1764,263,432,271,905,29,,1900,5105
2012,Central African Republic,Haut-Mbomou,,,,,,,,,,,,,,,13012
2012,Central African Republic,Haute-Kotto,,,,,,,,,,,,,,,9524
2012,Central African Republic,Mboki,14,9,8,50,*,,81,12,20,11,52,8,,103,184
2012,Central African Republic,Momou,,,,,,,,,,,,,,,9783
2012,Central African Republic,Mongoumba,597,766,418,1171,129,,3081,626,800,444,941,98,,2909,5990
2012,Central African Republic,Nana-Gribizi,,,,,,,,,,,,,,,857
2012,Central African Republic,Obo,37,31,23,105,17,,213,36,42,24,76,12,,190,403
2012,Central African Republic,Ombella M'Poko,,,,,,,,,,,,,,,150
2012,Central African Republic,Ouham,,,,,,,,,,,,,,,18518
2012,Central African Republic,Ouham-Pende,,,,,,,,,,,,,,,14237
2012,Central African Republic,Vakaga,,,,,,,,,,,,,,,7485
2012,Central African Republic,Zemio,259,286,156,718,75,,1494,280,291,156,672,73,,1472,2966
2012,Chad,Ade,,,,,,,,,,,,,,,600
2012,Chad,Am Nabak,1198,2280,2251,5397,525,,11651,1298,2296,1860,2039,354,,7847,23611
2012,Chad,Am Timan,,,,,,,,,,,,,,,3500
2012,Chad,Amboko,641,1291,1518,2431,136,,6017,612,1238,1429,1867,134,,5280,11297
2012,Chad,Angarana,,,,,,,,,,,,,,,25000
2012,Chad,Assoungha,,,,,,,,,,,,,,,4000
2012,Chad,Borota,,,,,,,,,,,,,,,900
2012,Chad,Bredjing,3316,3646,2942,9163,1042,,20109,3400,3628,3147,6465,745,,17385,37494
2012,Chad,Daguessa,,,,,,,,,,,,,,,1000
2012,Chad,Djabal,1912,1850,1497,4596,414,,10269,1955,1885,1602,2856,323,,8621,18890
2012,Chad,Dogdore,,,,,,,,,,,,,,,19500
2012,Chad,Dosseye,649,1375,1134,2256,140,,5554,625,1343,976,1277,147,,4368,9922
2012,Chad,Farchana,2108,2547,2091,6023,647,,13416,2114,2553,2156,3736,444,,11003,24419
2012,Chad,Gaga,2218,2655,1865,5037,314,,12089,2201,2549,1970,3166,291,,10177,22266
2012,Chad,Gondje,720,1492,1300,2590,125,,6227,703,1419,1394,1902,72,,5490,11717
2012,Chad,Goz Amer,2849,2915,1922,6347,627,,14660,2807,2915,2093,4057,559,,12431,27091
2012,Chad,Goz Beida,,,,,,,,,,,,,,,75000
2012,Chad,Guereda,,,,,,,,,,,,,,,6000
2012,Chad,Iridimi,1780,2348,2506,4973,467,,12074,1783,2261,2284,2382,299,,9009,21083
2012,Chad,Koukou-Angarana,,,,,,,,,,,,,,,300
2012,Chad,Kounoungou,1337,2430,2095,4804,360,,11026,1320,2347,1954,2221,275,,8117,19143
2012,Chad,Mile,1709,2432,1942,4928,463,,11474,1662,2300,1762,2318,307,,8349,19823
2012,Chad,Moula,454,895,428,1217,96,,3090,516,883,521,953,85,,2958,6048
2012,Chad,Mourdy,,,,,,,,,,,,,,,500
2012,Chad,Moyo,757,1210,498,1735,176,,4376,751,1130,515,982,99,,3477,7853
2012,Chad,N'Djamena,58,156,209,223,302,,948,38,179,238,469,271,,1195,2143
2012,Chad,Oure Cassoni,2279,3874,4110,8943,751,,19957,2325,3747,3322,3568,348,,13310,33267
2012,Chad,Salamat,,,,,,,,,,,,,,,7500
2012,Chad,Tissi,,,,,,,,,,,,,,,1000
2012,Chad,Touloum,2281,3116,3299,6748,646,,16090,2260,2960,3001,3237,392,,11850,27940
2012,Chad,Treguine,1980,1924,1450,4713,500,,10567,2029,2011,1552,3394,404,,9390,19957
2012,Chad,Yaroungou,734,1235,1069,2942,260,,6240,718,1207,1098,2166,165,,5354,11594
2012,Chile,Dispersed in country,,,,,,,133,,,,,,,145,278
2012,China,Beijing,*,*,*,9,*,,9,*,*,,29,*,,29,38
2012,China,Fujian,,,,,,,13211,,,,,,,14198,27409
2012,China,Gan Su,,,,*,,,*,,,*,*,,,*,*
2012,China,Guangdong,*,5,6,33,*,,39928,*,8,6,40,*,,43708,83636
2012,China,Guangxi,,,,*,,,53303,,,,,,,58965,112268
2012,China,Hainan,,,,,,,14867,,,,*,,,16608,31475
2012,China,Ji Lin,,,*,*,,,*,,,,*,,,*,*
2012,China,Jiangxi,,,,,,,824,,,,,,,891,1715
2012,China,Langfang,*,*,*,11,*,,11,*,*,6,16,*,,22,33
2012,China,Nanjing,,,*,5,,,5,*,*,,8,,,8,13
2012,China,Shaanxi,,,,*,,,*,*,*,,*,,,*,*
2012,China,Shan Dong,*,*,,*,,,*,,,*,*,,,*,*
2012,China,Shanghai,,,,,,,,,,,*,,,*,*
2012,China,Tianjin,,,,,,,,,,,*,,,*,*
2012,China,Wuhan,6,,6,67,,,79,*,*,*,58,,,58,137
2012,China,Yiwu,,,,*,,,*,*,*,,*,,,*,*
2012,China,Yunnan,,,,,,,21821,,,,,,,22669,44490
2012,Colombia,Barcelona,,,*,*,,,*,,,,*,,,*,*
2012,Colombia,Bogota,5,7,5,32,8,,57,*,*,7,120,8,,135,192
2012,Colombia,Bucaramanga,,,,*,,,*,,,*,*,,,*,*
2012,Colombia,Buenaventura,,,*,*,,,*,,,*,*,,,*,*
2012,Colombia,Cali,,,,*,,,*,,,,5,*,,5,5
2012,Colombia,Cartagena,,,,*,*,,*,,,,9,,,9,9
2012,Colombia,Cúcuta,*,*,,*,,,*,*,*,*,5,*,,5,5
2012,Colombia,Duitama,,,,*,,,*,,,*,*,,,*,*
2012,Colombia,Ibagué,,,,*,,,*,,,,*,,,*,*
2012,Colombia,Leticia,,,,*,,,*,,,,*,,,*,*
2012,Colombia,Maicao,,,,*,,,*,*,*,,,,,*,*
2012,Colombia,Medellín,,,*,8,*,,8,,,*,14,6,,20,28
2012,Colombia,Pasto,,,,,,,,,,,*,,,*,*
2012,Colombia,Pereira,,,,,,,,,,,*,,,*,*
2012,Colombia,San Andres Islas,,,,*,*,,*,,,,*,*,,*,*
2012,Colombia,Tuluá,,,,,,,,,,,*,,,*,*
2012,Colombia,Tumaco,,,,,,,,,,,*,,,*,*
2012,Colombia,Villavicencio,,,,*,,,*,,,,,,,*,*
2012,Colombia,Dispersed in country,,,,,,,2012514,,,,,,,1930995,3943509
2012,Congo,Banda,,,*,*,*,,*,,,,*,,,*,*
2012,Congo,Betou,2669,4995,2924,7906,748,,19242,2623,5046,2734,7237,451,,18091,37333
2012,Congo,Brazzaville,275,746,557,1532,63,,3173,311,741,576,2341,52,,4021,7194
2012,Congo,Dolisie,,,6,*,,,6,,,*,*,,,*,6
2012,Congo,Dongou,627,1107,615,1682,205,,4236,659,1082,640,1538,133,,4052,8288
2012,Congo,Enyelle,208,412,215,626,76,,1537,266,416,254,514,44,,1494,3031
2012,Congo,Impfondo,1489,2728,1623,4459,407,,10706,1505,2665,1628,4389,247,,10434,21140
2012,Congo,Kibangou,*,*,,*,,,*,*,*,,*,*,,*,*
2012,Congo,Komi,*,9,*,26,*,,35,5,6,9,30,8,,58,93
2012,Congo,Kondi Mbaka,8,16,23,66,6,,119,10,37,23,81,8,,159,278
2012,Congo,Liranga,1563,2697,1408,4222,323,,10213,1515,2637,1366,3427,238,,9183,19396
2012,Congo,Loukolela,154,277,137,378,14,,960,174,295,137,593,22,,1221,2181
2012,Congo,Malolo,13,45,15,90,14,,177,12,39,30,68,9,,158,335
2012,Congo,Ngo,16,43,29,42,*,,130,16,47,17,168,*,,248,378
2012,Congo,Niari,,,,*,,,*,,,,*,*,,*,*
2012,Congo,Okoyo,9,18,,,,,27,8,13,,,,,21,48
2012,Congo,Oyo,12,39,27,55,*,,133,9,43,30,133,,,215,348
2012,Congo,Pointe Noire,25,22,19,84,*,,150,19,34,17,189,7,,266,416
2012,Congo,Pool,51,76,53,135,*,,315,49,89,42,273,*,,453,768
2012,Congo,Sangha,95,175,113,237,12,,632,98,182,104,425,*,,809,1441
2012,Congo,Tchiamba-Nza,*,7,*,22,*,,29,*,6,*,23,,,29,58
2012,Costa Rica,Dispersed in country,436,940,968,6393,240,,8977,603,1197,1241,8456,609,,12106,21083
2012,Côte d'Ivoire,Abidjan,66,127,87,470,15,,765,66,148,91,597,32,,934,1699
2012,Côte d'Ivoire,Guiglo,68,93,80,291,35,,567,79,128,82,175,20,,484,1051
2012,Côte d'Ivoire,Tabou,152,233,151,490,13,,1039,166,219,135,507,16,,1043,2082
2012,Côte d'Ivoire,Dispersed in country,9871,13044,11281,31727,2115,,68038,10576,13396,12339,33841,2820,,72972,214804
2012,Croatia,Bjelovar,,,,,,,,,,,*,,,*,*
2012,Croatia,Grad Zagreb,10,15,12,52,,,89,8,13,18,178,*,,217,306
2012,Croatia,Jezevo,,,,,,,,,,,9,,,9,9
2012,Croatia,Kutina,*,*,,5,,,5,*,5,12,73,,,90,95
2012,Croatia,Rijeka,,,,,,,,,,,*,,,*,*
2012,Croatia,Vinkovci,,,,*,,,*,,,,,,,,*
2012,Croatia,Dispersed in country,*,12,7,177,135,,10732,*,17,29,219,68,,9936,23554
2012,Cuba,Artemisa,,,,,,,,,,,*,,,*,*
2012,Cuba,Camaguey,,,,,,,,,,,19,,,19,19
2012,Cuba,Ciego de Avila,,,,,,,,,,,6,,,6,6
2012,Cuba,Cienfuegos,,,,*,,,*,,,,48,,,48,48
2012,Cuba,Granma,,,,,,,,,,,24,,,24,24
2012,Cuba,Guantánamo,,,,,,,,,,,50,,,50,50
2012,Cuba,Holguin,,,,,,,,,,,34,,,34,34
2012,Cuba,La Habana,*,*,*,11,,,11,,,5,26,,,31,42
2012,Cuba,Las Tunas,,,,,,,,,,,18,,,18,18
2012,Cuba,Matanzas,,,,,,,,,,,16,,,16,16
2012,Cuba,Mayabeque,,,,,,,,,,,*,,,*,*
2012,Cuba,Pinar del Rio,,,,*,,,*,,,,32,,,32,32
2012,Cuba,Sancti Spiritus,,,,,,,,,,,26,,,26,26
2012,Cuba,Santiago de Cuba,,,,,,,,,,,16,,,16,16
2012,Cuba,Villa Clara,,,,*,,,*,,,,32,,,32,32
2012,Curacao,Willemstad,,,*,7,,,7,*,*,,29,,,29,36
2012,Cyprus,Dispersed in country,,,,,,,,,,,,,,,6267
2012,Czech Republic,Dispersed in country,,,,,,,1665,,,,,,,2469,4881
2012,Democratic Republic of the Congo,Aba,,,,*,,,*,,,,*,,,*,*
2012,Democratic Republic of the Congo,Ariwara,7,41,41,120,57,,266,51,77,65,236,96,,525,791
2012,Democratic Republic of the Congo,Aru,13,,*,22,,,35,9,,5,*,*,,14,49
2012,Democratic Republic of the Congo,Bas-Congo,1880,5252,3424,11412,2082,,24050,1942,5166,3857,9275,1606,,21846,45896
2012,Democratic Republic of the Congo,Bas-Uele,,,,,,,,,,,,,,,57140
2012,Democratic Republic of the Congo,Beni,,,,,,,,,,,,,,,71680
2012,Democratic Republic of the Congo,Bondo,107,85,66,330,12,,600,106,79,33,299,14,,531,1131
2012,Democratic Republic of the Congo,Bukavu,30,30,10,93,*,,163,31,38,29,90,*,,188,19456
2012,Democratic Republic of the Congo,Buta,*,5,5,12,,,22,*,*,*,11,*,,11,33
2012,Democratic Republic of the Congo,Dilolo,22,26,*,43,*,,91,28,31,14,37,*,,110,201
2012,Democratic Republic of the Congo,Doruma,27,20,20,49,15,,131,14,19,20,34,21,,108,239
2012,Democratic Republic of the Congo,Dungu,*,*,*,*,,,*,*,*,,5,,,5,5
2012,Democratic Republic of the Congo,Equateur,5563,5839,2839,9270,834,,24345,5582,5938,2934,6976,543,,21973,59103
2012,Democratic Republic of the Congo,Fizi,217,401,238,712,72,,1640,251,448,232,696,76,,1703,22474
2012,Democratic Republic of the Congo,Fizi (Baraka),10,19,11,13,*,,53,5,21,9,13,9,,57,110
2012,Democratic Republic of the Congo,Goma,89,144,111,216,*,,560,74,122,100,203,*,,499,8146
2012,Democratic Republic of the Congo,Haut-Uele,,,,,,,,,,,,,,,268754
2012,Democratic Republic of the Congo,Ingbokolo,110,105,100,327,15,,657,94,96,100,278,19,,587,1244
2012,Democratic Republic of the Congo,Isiro,*,*,7,14,*,,21,*,5,5,18,,,28,49
2012,Democratic Republic of the Congo,Ituri,832,837,583,1186,147,,3585,1322,846,720,1661,184,,4733,165086
2012,Democratic Republic of the Congo,Kabambare,,,,,,,,,,,,,,,29000
2012,Democratic Republic of the Congo,Kabare,9,22,10,51,*,,92,9,21,8,51,*,,89,94778
2012,Democratic Republic of the Congo,Kahemba,12,21,29,33,*,,95,14,42,33,46,7,,142,237
2012,Democratic Republic of the Congo,Kalehe,116,123,94,383,9,,725,130,166,121,435,33,,885,389401
2012,Democratic Republic of the Congo,Kalemie,,,,,,,,,,,,,,,49136
2012,Democratic Republic of the Congo,Kambove,,,,,,,,,,,,,,,9975
2012,Democratic Republic of the Congo,Katanga,1279,1950,1236,3181,296,,7942,1308,2012,1234,3235,294,,8083,25200
2012,Democratic Republic of the Congo,Katshia,33,48,23,66,5,,175,32,44,27,61,8,,172,347
2012,Democratic Republic of the Congo,Kimaza,25,55,22,124,*,,226,29,52,35,235,18,,369,595
2012,Democratic Republic of the Congo,Kinshasa,432,922,655,2747,790,,5546,353,800,708,2440,600,,4901,10447
2012,Democratic Republic of the Congo,Likasi,,,,,,,,,,,,,,,1895
2012,Democratic Republic of the Congo,Lubero,,,,,,,,,,,,,,,185348
2012,Democratic Republic of the Congo,Lubudi,,,,,,,,,,,,,,,6160
2012,Democratic Republic of the Congo,Lubumbashi,51,85,34,137,13,,320,53,85,52,162,5,,357,1605
2012,Democratic Republic of the Congo,Lusuku,19,28,12,53,*,,112,31,33,10,57,*,,131,243
2012,Democratic Republic of the Congo,Malemba Nkulu,,,,,,,,,,,,,,,9380
2012,Democratic Republic of the Congo,Manono,,,,,,,,,,,,,,,27749
2012,Democratic Republic of the Congo,Masisi,,,,,,,,,,,,,,,288703
2012,Democratic Republic of the Congo,Mbandaka,27,17,14,59,*,,117,29,25,22,93,,,169,286
2012,Democratic Republic of the Congo,Mitwaba,,,,,,,,,,,,,,,52613
2012,Democratic Republic of the Congo,Mwene Ditu,34,49,33,63,8,,187,33,36,36,66,11,,182,369
2012,Democratic Republic of the Congo,Mwenga,89,144,102,368,8,,711,89,134,83,218,10,,534,1245
2012,Democratic Republic of the Congo,Napassa,,,,,,,,,,,,,,,70867
2012,Democratic Republic of the Congo,Nord-Kivu,,,,,,,,,,,,,,,12141
2012,Democratic Republic of the Congo,Nord-Kivu and Sud-Kivu,2913,6779,4201,9441,395,,23729,3568,5002,4001,7025,189,,19785,43514
2012,Democratic Republic of the Congo,Nyiragongo,,,,,,,,,,,,,,,116659
2012,Democratic Republic of the Congo,Pangi,,,,,,,,,,,,,,,54305
2012,Democratic Republic of the Congo,Punia,,,,,,,,,,,,,,,6165
2012,Democratic Republic of the Congo,Pweto,,,,,,,,,,,,,,,158701
2012,Democratic Republic of the Congo,Rutshuru,,,,,,,,,,,,,,,74695
2012,Democratic Republic of the Congo,Shabunda,42,121,109,510,*,,782,32,179,146,563,6,,926,186745
2012,Democratic Republic of the Congo,Sud-Kivu,,,,,,,,,,,,,,,271594
2012,Democratic Republic of the Congo,Tshabobo,65,102,28,137,5,,337,37,89,31,149,11,,317,654
2012,Democratic Republic of the Congo,Tshopo,,,,,,,,,,,,,,,20840
2012,Democratic Republic of the Congo,Uvira,471,668,422,1215,111,,2887,460,613,394,1398,96,,2961,27627
2012,Democratic Republic of the Congo,Walikale,,,,,,,,,,,,,,,186365
2012,Democratic Republic of the Congo,Walungu,,,*,11,,,11,*,6,,12,,,18,46459
2012,Democratic Republic of the Congo,Zongo and Worobe,55,58,16,111,*,,240,55,43,28,149,8,,283,523
2012,Denmark,Dispersed in country,,,,,,,1703,,,,,,,1920,3623
2012,Djibouti,Ali-Addeh,961,1483,1114,4824,199,,8581,966,1485,967,5141,214,,8773,17354
2012,Djibouti,Djibouti,213,224,130,856,14,,1437,176,264,133,1731,24,,2328,3765
2012,Djibouti,Hol-Hol,88,167,88,224,6,,573,107,170,87,167,11,,542,1115
2012,Dominican Republic,Dispersed in country,87,128,118,422,40,,795,81,110,109,395,35,,730,1525
2012,Ecuador,Dispersed in country,770,3713,3863,23846,1201,,33393,746,3850,4092,26332,1634,,36654,138391
2012,Egypt,6th October,130,215,212,1260,92,,1909,137,195,200,1595,131,,2258,4167
2012,Egypt,Al Sharqia,*,*,5,25,*,,30,6,8,5,61,*,,80,110
2012,Egypt,Aleppo,,,,*,,,*,,,*,*,,,*,*
2012,Egypt,Alexandria,115,163,208,1044,76,,1606,132,178,251,1243,104,,1908,3514
2012,Egypt,Aswan,,,,*,,,*,,,,18,,,18,18
2012,Egypt,Asyut,,,,,,,,,,,*,,,*,*
2012,Egypt,Basrah,,,,,,,,,,,*,,,*,*
2012,Egypt,Beni Suef,,,,*,,,*,,,,,,,,*
2012,Egypt,Cairo,200,376,459,5328,266,,6629,193,419,500,7568,237,,8917,15546
2012,Egypt,Dakahliya,*,8,6,40,*,,54,*,*,11,56,*,,67,121
2012,Egypt,Damietta,42,46,56,292,15,,451,36,55,64,307,19,,481,932
2012,Egypt,El-Beheira,,,,6,*,,6,,,,15,,,15,21
2012,Egypt,Fayoum,,,,,,,,,,,*,,,*,*
2012,Egypt,Gharbeya,*,*,,15,,,15,,,*,31,*,,31,46
2012,Egypt,Giza,39,85,133,1981,84,,2322,57,89,144,2380,109,,2779,5101
2012,Egypt,Hama,,,,,,,,,,,*,,,*,*
2012,Egypt,Helwan,17,70,88,1035,32,,1242,25,57,69,1033,48,,1232,2474
2012,Egypt,Homs,,,,*,,,*,,,*,*,,,*,*
2012,Egypt,Idleb,,,,,,,,,,,*,,,*,*
2012,Egypt,Ismailia,,,*,8,,,8,*,*,*,16,*,,16,24
2012,Egypt,Kafr El Shiekh,,,*,8,,,8,,5,,18,*,,23,31
2012,Egypt,Kalyobiya,9,22,10,102,6,,149,13,8,16,115,9,,161,310
2012,Egypt,Lattakia,,,*,*,,,*,*,*,,*,,,*,*
2012,Egypt,Luxor,,,,,,,,,,,5,,,5,5
2012,Egypt,Matrouh,,,,*,,,*,,,*,11,,,11,11
2012,Egypt,Menia,,,*,*,,,*,,,,5,,,5,5
2012,Egypt,Monofiya,*,11,7,39,,,57,*,9,8,46,*,,63,120
2012,Egypt,New Valley,,,,,,,,,,,*,,,*,*
2012,Egypt,North Sinai,,,,*,*,,*,,,,19,*,,19,19
2012,Egypt,Port-Said,,,*,9,*,,9,*,*,*,5,*,,5,14
2012,Egypt,Qena,,,,*,,,*,,,,*,,,*,*
2012,Egypt,Red Sea,*,*,*,9,,,9,*,*,,10,,,10,19
2012,Egypt,Saloum,51,49,26,150,*,,276,60,65,760,227,,,1112,1388
2012,Egypt,Sohag,,,,,,,,,,,*,*,,*,*
2012,Egypt,South Sinai,,,,*,*,,*,,,*,*,*,,*,*
2012,Egypt,Suez,,,,*,*,,*,,,,5,,,5,5
2012,Egypt,Dispersed in country,7862,10910,6978,18294,1152,,45196,8582,8182,12168,17900,714,,47546,92742
2012,El Salvador,Cuscatlan,,,,*,,,*,,,*,*,,,*,*
2012,El Salvador,La Union,,,,5,*,,5,,,,14,*,,14,19
2012,El Salvador,San Salvador,,,,*,*,,*,,,,12,,,12,12
2012,Eritrea,Asmara,5,10,*,21,,,36,*,11,7,22,*,,40,76
2012,Eritrea,Emkulu,307,424,228,646,30,,1635,367,436,262,713,33,,1811,3446
2012,Eritrea,Gash Barka,17,10,*,30,,,57,13,14,11,51,*,,89,146
2012,Estonia,Illuka,,,,*,*,,*,,,,5,,,5,5
2012,Estonia,Dispersed in country,,,,9,,,9,*,*,,50,,,50,59
2012,Ethiopia,Ad-Damazin Transit Centre,274,321,130,615,60,,1400,300,313,170,599,84,,1466,2866
2012,Ethiopia,Addis Ababa,208,299,226,1041,43,,1817,207,353,242,1610,118,,2530,4347
2012,Ethiopia,Adiharush,390,772,553,3896,31,,5642,427,823,981,15613,81,,17925,23567
2012,Ethiopia,Asaita,314,492,282,1054,77,,2219,392,602,370,1424,79,,2867,5086
2012,Ethiopia,Awbarre,947,1951,1165,2954,181,,7198,824,1896,1271,2044,98,,6133,13331
2012,Ethiopia,Bambasi Camp,1460,1328,641,2547,216,,6192,1502,1366,705,2221,213,,6007,12199
2012,Ethiopia,Berhale,810,1330,541,2034,79,,4794,873,1458,686,2182,218,,5417,10211
2012,Ethiopia,Bokolmanyo,4303,6595,2433,7662,414,,21407,4278,6828,2940,4519,451,,19016,40423
2012,Ethiopia,Borena,301,344,231,571,101,,1548,315,359,165,413,92,,1344,2892
2012,Ethiopia,Buramino,4662,5400,1841,6358,393,,18654,4565,5513,2035,4037,403,,16553,35207
2012,Ethiopia,Dollo Ado Transit Centre,58,63,10,61,9,,201,55,73,17,25,*,,170,371
2012,Ethiopia,Fugnido,3782,4388,2557,8147,458,,19332,3706,4654,2811,3633,111,,14915,34247
2012,Ethiopia,Hilaweyn,3716,5037,1681,5655,328,,16417,3738,5130,1866,3445,364,,14543,30960
2012,Ethiopia,Kebribeyah,1278,2295,1041,3326,202,,8142,1261,2355,1083,2919,249,,7867,17025
2012,Ethiopia,Kobe Camp,3741,4857,1618,5660,450,,16326,3809,5154,1921,3940,506,,15330,31656
2012,Ethiopia,Mai-Ayni,577,455,543,3808,41,,5424,656,459,1542,7701,60,,10418,15842
2012,Ethiopia,Melkadida,4576,7226,2742,7808,428,,22780,4774,7406,2961,3983,461,,19585,42365
2012,Ethiopia,Sheder,978,1514,929,2694,146,,6261,1061,1661,1030,1797,72,,5621,11882
2012,Ethiopia,Sherkole,707,895,455,1423,42,,3522,755,923,604,1691,56,,4029,7551
2012,Ethiopia,Shimelba (Shire/Shiraro),444,477,338,1398,167,,2824,483,461,364,2028,178,,3514,6338
2012,Ethiopia,Tongo Camp,936,1172,544,1878,166,,4696,1025,1167,639,1840,163,,4834,9530
2012,Ethiopia,Wanthowa,,,,,,,,,,,,,,,20000
2012,Ethiopia,Dispersed in country,,,,,,,,,,,,,,,828
2012,Fiji,Suva,,,*,*,,,*,,,,7,,,7,7
2012,Finland,Dispersed in country,,,,,,,1467,,,,,,,2431,3898
2012,France,Dispersed in country,,,,,,,83827,,,,,,,117617,201444
2012,Gabon,Akieni,,,*,*,,,*,,,*,*,,,*,*
2012,Gabon,Bitam,,,,*,,,*,,,,5,,,5,5
2012,Gabon,Bongoville,,,,,,,,,,,*,,,*,*
2012,Gabon,Booue,,,*,*,,,*,,,,5,,,5,5
2012,Gabon,Dilemba,*,*,*,7,*,,7,*,*,*,*,*,,*,7
2012,Gabon,Franceville,*,42,31,187,*,,260,8,54,27,513,15,,617,877
2012,Gabon,Gamba,,,*,*,,,*,,,,5,*,,5,5
2012,Gabon,Koulamoutou,*,11,13,45,*,,69,,9,12,101,*,,122,191
2012,Gabon,Lambaréné,,,*,*,,,*,,,,11,*,,11,11
2012,Gabon,Lastoursville,*,*,5,11,*,,16,,6,*,22,*,,28,44
2012,Gabon,Libreville,25,112,135,591,22,,885,29,114,131,1046,103,,1423,2308
2012,Gabon,Makokou,,,,7,,,7,,,*,16,,,16,23
2012,Gabon,Mayumba,,,,*,,,*,,,,*,,,*,*
2012,Gabon,Mekambo,,,,,,,,,,,*,*,,*,*
2012,Gabon,Mitzic,,,,*,,,*,,,,*,,,*,*
2012,Gabon,Moanda,*,9,13,43,*,,65,,6,17,113,6,,142,207
2012,Gabon,Mouila,,,9,38,*,,47,,9,11,61,*,,81,128
2012,Gabon,Moulengui Binza,,,*,,,,*,,,*,*,,,*,*
2012,Gabon,Mounana,,,*,7,,,7,,,*,54,*,,54,61
2012,Gabon,Ndende,,,*,*,,,*,,,*,*,,,*,*
2012,Gabon,Ndjole,,,,,,,,,,,5,,,5,5
2012,Gabon,Ngwoni,,,,*,,,*,,,,*,,,*,*
2012,Gabon,Ntoum,,,*,*,,,*,,,,*,,,*,*
2012,Gabon,Okondja,,5,*,*,,,5,,,,38,*,,38,43
2012,Gabon,Oyem,,,*,*,,,*,,,*,8,,,8,8
2012,Gabon,Pana/Dienga,,,,,,,,,,,*,,,*,*
2012,Gabon,Port-Gentil,,8,5,37,*,,50,,6,*,100,17,,123,173
2012,Gabon,Rebe,,,,*,,,*,,,,,,,,*
2012,Gabon,Tchibanga,*,8,9,41,,,58,*,10,7,32,*,,49,107
2012,Gambia,Dispersed in country,781,1103,680,2344,308,,5216,823,1054,686,1778,296,,4637,9853
2012,Georgia,Abkhazia,,,,,,,,,,,,,,,140
2012,Georgia,Martqop’i,,,,*,,,*,,,,7,*,,7,7
2012,Georgia,Rustavi,,,,,,,,,,,*,,,*,*
2012,Georgia,South Ossetia,,,,,,,,,,,,,,,295
2012,Georgia,Tbilisi,,,,11,*,,11,*,*,*,20,,,20,31
2012,Georgia,Vale,,,,*,,,*,,,,*,,,*,*
2012,Georgia,Zugdidi,*,*,*,5,,,5,*,*,,5,,,5,10
2012,Georgia,Dispersed in country,24,47,52,675,136,,934,21,59,72,685,106,,943,281360
2012,Germany,Dispersed in country,9648,21742,28747,193579,33804,,287520,10353,23681,32514,290733,30496,,387777,675297
2012,Ghana,Accra,103,159,187,1018,26,,1493,101,170,234,1888,70,,2463,3956
2012,Ghana,Ampain,270,340,324,1222,52,,2208,310,342,281,924,24,,1881,4089
2012,Ghana,Buduburam,37,182,230,2138,22,,2609,30,146,227,2028,44,,2475,5084
2012,Ghana,Egyeikroum,109,139,99,476,18,,841,114,129,103,501,8,,855,1696
2012,Ghana,Fetentaa,98,127,87,438,10,,760,89,94,85,475,6,,749,1509
2012,Ghana,Krisan,27,47,33,113,7,,227,27,36,80,232,9,,384,611
2012,Ghana,Kumasi,,,,*,,,*,,,,5,,,5,5
2012,Ghana,Volta,69,161,43,469,11,,753,71,149,27,453,7,,707,1460
2012,Ghana,Dispersed in country,9,7,9,81,*,,106,5,9,11,74,*,,99,205
2012,Guatemala,Guatemala,*,*,*,63,9,,72,,5,*,72,7,,84,156
2012,Guinea,Beyla,27,31,11,70,*,,139,27,25,13,25,*,,90,229
2012,Guinea,Conakry,93,148,192,732,10,,1175,84,187,205,1044,27,,1547,2722
2012,Guinea,Kouankan,56,128,125,372,29,,710,52,141,132,355,40,,720,1430
2012,Guinea,Kountaya,*,8,10,32,*,,50,8,12,11,16,6,,53,103
2012,Guinea,Laine,17,59,73,220,14,,383,8,62,75,206,10,,361,744
2012,Guinea,Macenta,329,634,567,1267,81,,2878,266,551,580,1075,61,,2533,5411
2012,Guinea,Nzerekore,*,*,14,106,6,,126,*,*,12,93,8,,113,239
2012,Guinea-Bissau,Bigene,187,390,212,849,85,,1723,201,387,224,606,96,,1514,3237
2012,Guinea-Bissau,Biombo,*,*,,*,,,*,,,,,*,,*,*
2012,Guinea-Bissau,Bissau,9,8,5,28,,,50,7,7,*,115,,,129,179
2012,Guinea-Bissau,Canchungo,69,118,81,240,32,,540,47,138,78,166,23,,452,992
2012,Guinea-Bissau,Jolmete,33,33,42,99,7,,214,20,47,35,77,8,,187,401
2012,Guinea-Bissau,Sao Domingos,174,348,170,841,141,,1674,209,380,172,531,105,,1397,3071
2012,Guinea-Bissau,Dispersed in country,,,,,,,,,,,*,,,*,*
2012,Guyana,Dispersed in country,,,*,*,,,*,,,*,*,,,*,*
2012,Haiti,Port au Prince,,,,,,,,,,,12,,,12,12
2012,Honduras,Ceiba,,,,,,,,,,,*,,,*,*
2012,Honduras,Comayagua,,,,*,,,*,,,,,,,,*
2012,Honduras,Islas de la Bahia,,,,*,,,*,,,,,,,,*
2012,Honduras,Tegucigalpa,,,,*,,,*,,,,*,,,*,*
2012,Honduras,Trujillo,,,,,,,,,,,5,,,5,5
2012,Honduras,Dispersed in country,,,,*,,,*,,,,,,,,*
2012,"Hong Kong SAR, China",Dispersed in territory,32,22,13,384,*,,451,26,20,14,439,*,,499,950
2012,Hungary,Debrecen,,,,,,,69,,,,,,,317,386
2012,Iceland,Reykjavik,*,*,,10,,,62,*,*,*,52,*,,119,181
2012,Iceland,Dispersed in country,*,*,5,14,,,19,*,*,*,31,,,31,50
2012,India,Delhi,782,1450,1264,6806,495,,10797,854,1493,1647,6801,458,,11253,22050
2012,India,Tamil Nadu,,,,,,,33206,,,,,,,33959,67165
2012,Indonesia,Bali,*,*,12,5,,,17,*,13,40,*,*,,53,70
2012,Indonesia,Bandar Lampung,*,*,6,*,,,6,*,*,70,*,,,70,76
2012,Indonesia,Bangil,*,*,*,*,,,*,*,14,59,,*,,73,73
2012,Indonesia,Cilegon,*,*,*,,,,*,,20,125,*,7,,152,152
2012,Indonesia,Jakarta,30,30,220,55,5,,340,43,104,709,61,11,,928,1268
2012,Indonesia,Jawa Barat,76,75,425,89,9,,674,69,458,2771,137,40,,3475,4149
2012,Indonesia,Kalimantan Barat,,,,,,,,,,47,,,,47,47
2012,Indonesia,Kepulauan Riau,,,*,*,*,,*,,42,264,*,8,,314,314
2012,Indonesia,Nusa Tenggara Timur,*,*,13,*,,,13,*,12,110,*,*,,122,135
2012,Indonesia,Riau,*,9,24,5,*,,38,*,7,62,*,*,,69,107
2012,Indonesia,Semarang,*,*,*,,*,,*,,,*,*,,,*,*
2012,Indonesia,Sulawesi Selatan,11,6,49,10,,,76,6,15,180,15,*,,216,292
2012,Indonesia,Sulawesi Utara,,,,,,,,,8,76,,*,,84,84
2012,Indonesia,Sumatera Barat,,,,,,,,,,*,,,,*,*
2012,Indonesia,Sumatra Utara,17,7,64,18,*,,106,17,24,487,20,6,,554,660
2012,Indonesia,Yogyakarta,,,,,,,,,,49,,,,49,49
2012,Indonesia,Dispersed in country,15,7,33,16,,,71,8,30,240,19,*,,297,368
2012,Iran (Islamic Republic of),Abazar,*,10,12,47,7,,76,7,10,16,65,*,,98,174
2012,Iran (Islamic Republic of),Ardakan,151,227,250,619,30,,1277,162,230,258,686,45,,1381,2658
2012,Iran (Islamic Republic of),Bani Najjar,155,151,190,673,27,,1196,164,152,180,635,33,,1164,2360
2012,Iran (Islamic Republic of),Bardsir,236,250,279,579,32,,1376,230,260,279,584,29,,1382,2758
2012,Iran (Islamic Republic of),Bezileh,*,*,*,23,*,,23,*,*,5,17,*,,22,45
2012,Iran (Islamic Republic of),Dalaki,25,9,10,22,*,,66,23,7,10,18,,,58,124
2012,Iran (Islamic Republic of),Dilzeh,6,10,15,33,5,,69,15,10,15,39,*,,79,148
2012,Iran (Islamic Republic of),Jahrom,8,15,18,60,7,,108,6,10,14,60,*,,90,198
2012,Iran (Islamic Republic of),Kerman,,,,,,,,,,*,*,,,*,*
2012,Iran (Islamic Republic of),Khorasan,,,,,,,,,,,*,,,*,*
2012,Iran (Islamic Republic of),Khuzestan,,,,*,,,*,*,*,,*,,,*,*
2012,Iran (Islamic Republic of),Markazi,*,*,*,11,,,11,*,9,*,13,,,22,33
2012,Iran (Islamic Republic of),Meybod,52,107,110,277,16,,562,62,103,120,302,23,,610,1172
2012,Iran (Islamic Republic of),Mohajerin,234,253,330,920,84,,1821,227,300,302,894,109,,1832,3653
2012,Iran (Islamic Republic of),Rafsanjan,376,550,583,586,204,,2299,374,520,651,565,265,,2375,4674
2012,Iran (Islamic Republic of),Sarvestan,24,30,32,99,6,,191,28,33,33,94,12,,200,391
2012,Iran (Islamic Republic of),Saveh,433,650,518,961,92,,2654,483,550,637,1007,147,,2824,5478
2012,Iran (Islamic Republic of),Sonqor,*,5,6,19,*,,30,*,6,7,15,*,,28,58
2012,Iran (Islamic Republic of),Sultanieh,,,,*,*,,*,,,,5,5,,10,10
2012,Iran (Islamic Republic of),Taft,30,41,105,218,12,,406,39,80,87,255,19,,480,886
2012,Iran (Islamic Republic of),Tehran,,,*,7,,,7,*,*,*,13,,,13,20
2012,Iran (Islamic Republic of),Torbat e jam,137,255,300,1173,106,,1971,139,260,323,1254,160,,2136,4107
2012,Iran (Islamic Republic of),Varmahang,*,*,*,*,,,*,,,,*,,,*,*
2012,Iran (Islamic Republic of),Ziveh,17,30,37,129,11,,224,14,29,30,112,12,,197,421
2012,Iran (Islamic Republic of),Dispersed in country,,,,,,,,,,,,,,,838806
2012,Iraq,Al Qaim,938,1034,532,1984,170,,4658,964,1011,568,1401,114,,4058,8716
2012,Iraq,Anbar,3713,8359,6912,6956,1566,,27506,4373,4880,4852,12595,936,,27636,55142
2012,Iraq,Babylon,2440,5476,4546,4546,1030,,18038,2874,3190,3190,8241,615,,18110,36148
2012,Iraq,Baghdad,32060,71881,59876,61940,13846,,239603,37736,42148,42294,110226,8480,,240884,480487
2012,Iraq,Basrah,2603,5836,4845,4905,1107,,19296,3064,3437,3419,8824,655,,19399,38695
2012,Iraq,Dahuk,10237,18636,14810,21509,3316,,68508,11574,12274,12386,43576,2082,,81892,150400
2012,Iraq,Dhi Qar,1967,4414,3664,3664,830,,14539,2316,2571,2571,6642,495,,14595,29134
2012,Iraq,Diyala,9235,20723,17201,17201,3899,,68259,10874,12072,12072,31188,2325,,68531,136790
2012,Iraq,Erbil,5510,11593,9569,11717,2154,,40543,6417,7119,7246,24305,1335,,46422,86965
2012,Iraq,Kerbala,1916,4298,3566,3576,812,,14168,2260,2505,2504,6475,482,,14226,28394
2012,Iraq,Kirkuk,3293,7389,6134,6135,1390,,24341,3878,4305,4304,11122,829,,24438,48779
2012,Iraq,Makhmour,795,1452,598,2268,169,,5282,741,1343,661,2346,179,,5270,10552
2012,Iraq,Missan,1033,2317,1923,1923,435,,7631,1216,1349,1351,3490,260,,7666,15297
2012,Iraq,Muthanna,515,1156,959,959,218,,3807,606,673,673,1739,130,,3821,7628
2012,Iraq,Najaf,1993,4481,3712,3728,841,,14755,2351,2609,2610,6747,503,,14820,29575
2012,Iraq,Ninewa,14499,32535,27002,27254,6152,,107442,17065,18989,19017,49126,3684,,107881,215323
2012,Iraq,Qadisiyyah,1024,2309,1907,1911,433,,7584,1209,1342,1340,3462,257,,7610,15194
2012,Iraq,Salah al-Din,3274,7348,6100,6100,1382,,24204,3856,4283,4282,11058,824,,24303,48507
2012,Iraq,Sulaymaniyah,3798,8400,7009,8551,1619,,29377,4478,5137,5274,15964,1071,,31924,61301
2012,Iraq,Wasit,2264,5082,4218,4218,956,,16738,2667,2961,2961,7648,571,,16808,33546
2012,Iraq,Dispersed in country,*,*,6,*,,,6,*,6,10,*,,,16,22
2012,Ireland,Dispersed in country,,,,,,,359,,,,,,,439,798
2012,Israel,Dispersed in country,412,329,356,7134,150,,8381,450,329,760,43961,250,,45750,54131
2012,Italy,Dispersed in country,,,,,,,2293,,,,,,,12037,14330
2012,Jamaica,Dispersed in country,*,*,,6,,,6,,,*,9,,,9,15
2012,Japan,Dispersed in country,,,,,,,1923,,,,,,,6197,8120
2012,Jordan,Ajlun,93,116,96,235,14,,554,106,134,73,185,14,,512,1066
2012,Jordan,Amman,2514,3582,2576,12068,1834,,22574,2663,3740,2769,13152,1578,,23902,46476
2012,Jordan,Aqaba,32,52,31,148,9,,272,49,43,43,145,12,,292,564
2012,Jordan,Balqa,61,86,55,196,18,,416,61,84,71,215,16,,447,863
2012,Jordan,Irbid,2453,3205,2073,6431,387,,14549,2681,3370,2287,6116,285,,14739,29288
2012,Jordan,Jarash,144,154,129,324,24,,775,136,162,129,288,18,,733,1508
2012,Jordan,Karak,102,121,59,282,24,,588,106,139,92,280,17,,634,1222
2012,Jordan,Ma'an,135,141,105,379,25,,785,125,163,115,403,30,,836,1621
2012,Jordan,Madaba,64,85,51,199,20,,419,53,110,71,223,14,,471,890
2012,Jordan,Mafraq,6133,6342,4649,12751,834,,30709,4742,5993,4869,11026,500,,27130,57839
2012,Jordan,Tafilah,16,18,9,30,*,,73,25,27,10,26,*,,88,161
2012,Jordan,Zarqa,564,785,526,1737,124,,3736,625,853,567,1744,98,,3887,7623
2012,Jordan,Dispersed in country,12728,15354,10770,36937,3755,,79544,11791,15489,11573,35380,2739,,76972,156516
2012,Kazakhstan,Almaty,22,35,28,136,*,,221,31,32,33,162,6,,264,485
2012,Kazakhstan,Almaty Oblast,*,*,*,20,*,,20,*,*,*,19,,,19,39
2012,Kazakhstan,Astana,,,,,,,,,,,*,,,*,*
2012,Kazakhstan,South Kazakhstan,6,11,7,21,*,,45,*,6,5,43,*,,54,99
2012,Kazakhstan,Zhambyl,,,,,,,,,,,*,,,*,*
2012,Kazakhstan,Dispersed in country,,147,306,1294,103,,1850,,171,318,1267,69,,1825,10610
2012,Kenya,Dagahaley,10602,16621,7786,25030,2152,,62191,10785,17338,8835,19990,1988,,58936,121127
2012,Kenya,Hagadera,10924,15922,8932,30895,2598,,69271,11606,16619,10615,28889,2483,,70212,139483
2012,Kenya,Ifo,8648,12386,6592,21276,1553,,50455,8795,13062,7573,16947,1462,,47839,98294
2012,Kenya,Ifo 2 E,3332,4463,1519,5222,412,,14948,3430,5133,2077,3619,371,,14630,29578
2012,Kenya,Ifo 2 W,4229,5837,1846,7441,662,,20015,4599,6468,2427,5599,583,,19676,39691
2012,Kenya,Kakuma,8627,11247,7395,21410,969,,49648,8942,13056,10740,24285,534,,57557,107205
2012,Kenya,Kambioos,1984,2696,931,3165,304,,9080,2087,3098,1194,2426,241,,9046,18126
2012,Kenya,Nairobi,1927,3790,3273,17009,802,,26801,1968,3871,3303,16820,610,,26572,53373
2012,Kenya,Dispersed in country,,,,,,,,,,,,,,,432000
2012,Kuwait,Dispersed in country,46,97,92,406,30,,671,65,136,118,486,27,,832,1503
2012,Kyrgyzstan,Batken,79,121,,345,328,,873,129,168,21,496,154,,968,1841
2012,Kyrgyzstan,Bishkek,12,58,44,294,116,,524,25,45,51,485,63,,669,1193
2012,Kyrgyzstan,Chuy,,,,412,327,,739,,,,279,114,,393,1132
2012,Kyrgyzstan,Jalal-abad,360,682,180,426,303,,1951,430,473,300,1044,318,,2565,4516
2012,Kyrgyzstan,Naryn,,,,237,199,,436,,,,311,87,,398,834
2012,Kyrgyzstan,Osh,220,648,280,941,497,,2586,180,464,260,694,281,,1879,4465
2012,Kyrgyzstan,Osh City,*,*,*,283,145,,428,*,*,*,168,111,,279,707
2012,Kyrgyzstan,Talas,,,,215,163,,378,,,,127,79,,206,584
2012,Kyrgyzstan,Ysyk-kol,,,,265,258,,523,,,,263,110,,373,896
2012,Kyrgyzstan,Dispersed in country,7910,10660,10060,52900,5870,,89704,8970,11890,11540,48000,4200,,86800,176504
2012,Latvia,Mucenieki,*,*,*,7,,,7,,,*,18,,,18,25
2012,Latvia,Dispersed in country,5,,5,42,*,,52,8,16,6,153,,,183,262
2012,Lebanon,Beqaa,5144,4951,3265,11413,770,,25543,5439,5272,3342,9999,634,,24686,50229
2012,Lebanon,Beyrouth,285,336,185,878,44,,1728,305,341,168,1335,64,,2213,3941
2012,Lebanon,Liban Nord,6276,6058,4127,15532,960,,32953,6626,6515,4252,13329,774,,31496,64449
2012,Lebanon,Liban Sud,787,775,452,1663,69,,3746,878,798,438,1601,76,,3791,7537
2012,Lebanon,Mont Liban,681,698,421,2252,181,,4233,640,748,486,3409,180,,5463,9696
2012,Lesotho,Maseru,,,*,10,,,10,*,*,*,19,,,19,29
2012,Liberia,Bahn,959,1253,438,2049,115,,4814,963,1299,469,1190,116,,4037,8851
2012,Liberia,Dougee,539,557,237,1196,167,,2696,543,661,319,845,64,,2432,5128
2012,Liberia,Grand Gedeh,873,1036,397,3227,495,,6028,800,1070,523,2352,271,,5016,11044
2012,Liberia,Little Wlebbo,999,1110,467,1884,102,,4562,964,1061,440,1313,59,,3837,8399
2012,Liberia,Maryland,452,584,111,1119,93,,2359,460,679,201,645,43,,2028,4387
2012,Liberia,Monrovia,31,50,65,235,*,,381,23,45,53,451,10,,582,963
2012,Liberia,Montserrado,,,,,,,,,,,,,,,1606
2012,Liberia,Nimba,981,1308,442,2435,207,,5373,936,1347,502,1018,210,,4013,9386
2012,Liberia,PTP,945,1058,431,2115,136,,4685,917,1000,544,2104,103,,4668,9353
2012,Liberia,River Ghee,175,223,67,368,25,,858,207,239,62,158,5,,671,1529
2012,Liberia,Saclepea,108,139,117,247,14,,625,97,122,107,243,14,,583,1208
2012,Liberia,Solo,583,584,256,1318,145,,2886,610,646,337,1126,100,,2819,5705
2012,Liberia,Dispersed in country,,,,,,,15526,,,,,,,13852,29378
2012,Libya,Bani Walid,,,,,,,,,,,,,,,362
2012,Libya,Ghadames,,,,,,,,,,,,,,,2402
2012,Libya,Kufra,,,,,,,,,,,,,,,292
2012,Libya,Misrata,,,,,,,,,,,,,,,6122
2012,Libya,Nalut,,,,,,,,,,,,,,,1403
2012,Libya,Sabha,,,,,,,,,,,,,,,240
2012,Libya,Sirte,,,,,,,,,,,,,,,9404
2012,Libya,Tewargha,,,,,,,,,,,,,,,30000
2012,Libya,Tripoli,530,1024,1895,2236,199,,5884,551,1152,2186,3518,326,,7733,13617
2012,Libya,Western Mountains,,,,,,,,,,,,,,,9200
2012,Liechtenstein,Dispersed in country,,,,,,,,,,,,,,,124
2012,Lithuania,FRC Pabrade,*,*,*,7,,,7,,6,6,48,,,60,67
2012,Lithuania,Jonavos Raj.,,,*,*,,,*,*,*,,9,,,9,9
2012,Lithuania,Kaunas,*,*,,*,,,*,*,*,,6,,,6,6
2012,Lithuania,Klaipeda,,,*,*,,,*,,,*,,,,*,*
2012,Lithuania,RRC Rukla,*,*,,8,,,8,,,*,15,,,15,23
2012,Lithuania,Vilnius,,,*,*,,,*,*,*,,5,,,5,5
2012,Lithuania,Dispersed in country,,,,,,,1666,,,,,,,2464,4851
2012,"Macao SAR, China",Dispersed in territory,,,,*,,,*,,,*,*,,,*,*
2012,Madagascar,Dispersed in country,,,*,*,,,*,,,,5,,,5,5
2012,Malawi,Dzaleka,1414,1794,1213,3200,106,,7727,1406,1868,1425,4144,94,,8937,16664
2012,Malaysia,Kuala Lumpur,4995,3227,2103,19972,553,,30850,5216,3494,2785,58799,692,,70986,101836
2012,Malaysia,Sabah,,,,,,,,,,,,,,,80000
2012,Malaysia,Dispersed in country,,,,,,,,,,,,,,,40000
2012,Mali,Bamako,1361,1749,1118,2147,155,,6530,1528,1825,1141,2329,200,,7023,13553
2012,Mali,Faragouana,*,*,*,7,,,7,*,5,*,13,,,18,25
2012,Mali,Kayes,*,11,7,17,,,35,9,9,10,23,*,,51,86
2012,Mali,Sikasso,45,51,35,116,*,,247,41,54,25,115,*,,235,482
2012,Malta,Block C Registrations,,,,,,,,,,,,,,,26
2012,Malta,Dar Il-Liedna,,,,,,,,,,,,,,,50
2012,Malta,Dar is Sliem,,,,,,,,,,,,,,,23
2012,Malta,Hal Far OIWAS,,,,,,,,,,,,,,,39
2012,Malta,Hal Far Open Centre,,,,,,,,,,,,,,,489
2012,Malta,Hal Far Reception Centre,,,,,,,,,,,,,,,86
2012,Malta,Hal Far Tent Village,,,,,,,,,,,,,,,450
2012,Malta,MEC Balzan,,,,,,,,,,,,,,,168
2012,Malta,MEC Houses,,,,,,,,,,,,,,,261
2012,Malta,Peace Lab,,,,,,,,,,,,,,,36
2012,Mauritania,Mbera,6289,6544,2971,12953,866,,29623,6299,6633,2633,8119,721,,24405,54028
2012,Mauritania,Nouakchott and Nouadhibou,73,56,29,278,9,,445,69,48,57,644,*,,818,27263
2012,Mauritania,Dispersed in country,320,380,165,593,36,,1494,289,381,150,381,41,,1242,2736
2012,Mexico,Dispersed in country,26,53,89,401,8,,577,16,40,80,734,,,870,1884
2012,Mongolia,Ulaanbaatar,,,,*,,,*,*,*,,10,,,10,10
2012,Mongolia,Dispersed in country,,,,,,,,,,,,,,,220
2012,Montenegro,Andrijevica,*,6,12,89,34,,141,*,8,15,71,23,,117,265
2012,Montenegro,Bar,15,46,71,507,202,,841,31,48,73,519,169,,840,2043
2012,Montenegro,Berane,47,68,114,386,130,,745,42,101,87,400,88,,718,1556
2012,Montenegro,Bijelo Polje,*,5,11,60,13,,89,*,*,15,60,9,,84,187
2012,Montenegro,Budva,*,17,23,203,64,,307,*,18,21,192,58,,289,825
2012,Montenegro,Cetinje,,,,9,*,,9,,,,*,*,,*,21
2012,Montenegro,Danilovgrad,,7,12,105,43,,167,*,11,15,101,28,,155,380
2012,Montenegro,Herceg Novi,,9,21,329,161,,520,*,13,25,286,114,,438,1548
2012,Montenegro,Kolasin,*,*,5,24,20,,49,*,*,8,36,10,,54,153
2012,Montenegro,Kotor,,5,*,61,40,,106,*,*,8,92,21,,121,330
2012,Montenegro,Mojkovac,,,*,14,*,,14,*,*,*,10,*,,10,24
2012,Montenegro,Niksic,8,16,33,176,43,,276,9,18,36,167,24,,254,749
2012,Montenegro,Plav,*,9,15,133,53,,210,*,8,29,130,45,,212,439
2012,Montenegro,Pljevlja,*,*,*,31,*,,31,*,8,*,33,5,,46,162
2012,Montenegro,Pluzine,,,,*,,,*,,,,,,,,*
2012,Montenegro,Podgorica,186,364,361,1609,420,,2940,211,376,388,1836,361,,3172,6670
2012,Montenegro,Rozaj,*,9,10,66,8,,93,*,13,21,52,11,,97,205
2012,Montenegro,Savnik,,,,,,,,,,,,,,,
2012,Montenegro,Tivat,*,7,16,149,64,,236,,8,29,165,55,,257,723
2012,Montenegro,Ulcinj,5,17,10,84,30,,146,5,13,19,93,20,,150,336
2012,Montenegro,Zabljak,,,,,,,,,,,,,,,
2012,Montenegro,Dispersed in country,,,,,,,1788,,,,,,,1595,3383
2012,Montserrat,Dispersed in country,,,,,,,,,,,5,,,5,5
2012,Morocco,Dispersed in country,96,70,65,440,12,,683,80,69,138,1919,33,,2239,2922
2012,Mozambique,Cabo Delgado,*,*,,12,,,12,*,*,*,36,*,,36,48
2012,Mozambique,Gaza,,,*,7,,,7,,7,*,14,,,21,28
2012,Mozambique,Inhambane,,,*,12,,,12,,,6,23,,,29,41
2012,Mozambique,Manica,,,*,23,,,23,*,*,*,96,,,96,119
2012,Mozambique,Maputo,80,184,125,513,13,,915,95,179,141,1029,21,,1465,2380
2012,Mozambique,Maputo Provincia,13,49,27,83,*,,172,14,33,30,133,*,,210,382
2012,Mozambique,Maratane,639,733,481,1374,70,,3297,660,840,535,2036,30,,4101,7398
2012,Mozambique,Nampula,48,71,34,211,*,,364,43,83,56,698,6,,886,1250
2012,Mozambique,Niassa,8,22,13,35,,,78,6,20,12,64,,,102,180
2012,Mozambique,Sofala,*,*,*,12,,,12,,,*,28,*,,28,40
2012,Mozambique,Tete,33,53,26,99,,,211,38,41,35,170,*,,284,495
2012,Mozambique,Zambezia,*,11,*,34,,,45,*,8,7,100,,,115,160
2012,Myanmar,Kachin and northern Shan States,3468,6069,6936,22542,4335,,43350,3332,5831,6664,21658,4165,,41650,85000
2012,Myanmar,"Kayah, Kayin and Mon States and Tanintharyi Region",9418,16481,18837,60834,11773,,117343,9009,15830,16964,62208,9046,,113057,230400
2012,Myanmar,Northern Rakhine State,51392,64239,125589,169928,17131,,428279,45567,56958,106322,155760,15189,,379796,808075
2012,Myanmar,Rakhine,7314,9142,17873,24183,2438,,60950,6485,8106,15131,22167,2161,,54050,115000
2012,Namibia,Osire,133,243,174,587,15,,1152,115,261,180,864,11,,1431,2583
2012,Namibia,Dispersed in country,24,17,18,58,*,,117,24,31,17,119,*,,191,308
2012,Nauru,Regional Processing Centre,,,,,,,,,,,379,,,379,379
2012,Nepal,Beldangi,1390,1964,1874,9161,1155,,15544,1436,2093,2083,9395,1425,,16432,31976
2012,Nepal,Kathmandu,23,22,5,78,*,,128,19,21,14,130,*,,184,312
2012,Nepal,Sanischare,418,577,609,2589,303,,4496,426,624,616,2621,429,,4716,9212
2012,Nepal,Dispersed in country,*,*,*,21,*,,7681,,,*,34,*,,7534,15215
2012,New Zealand,Dispersed in country,,,,,,,,,,,,,,,276
2012,Nicaragua,Managua,,,*,5,,,5,,,,11,,,11,16
2012,Nicaragua,Palacaguina,,,,,,,,,,,*,,,*,*
2012,Nicaragua,Dispersed in country,*,*,*,40,*,,40,,5,*,51,5,,61,101
2012,Niger,Agando,1421,1880,1417,2509,347,,7574,1016,1679,1217,2333,569,,6814,14388
2012,Niger,Ayourou,54,95,45,177,17,,388,50,95,32,66,8,,251,639
2012,Niger,Banibangou,221,415,151,639,60,,1486,264,420,133,492,61,,1370,2856
2012,Niger,Camp Abala,997,1848,680,2314,180,,6019,1066,1729,692,1465,155,,5107,11126
2012,Niger,Chinwaren,251,390,196,512,23,,1372,216,290,185,455,29,,1175,2547
2012,Niger,Kizamou,6,8,*,11,*,,25,*,12,*,12,,,24,49
2012,Niger,Koutougou,*,7,*,9,,,16,*,*,*,9,,,9,25
2012,Niger,Mangaize,316,489,204,743,73,,1825,321,547,194,472,57,,1591,3416
2012,Niger,Miel,73,139,49,170,15,,446,68,131,33,196,20,,448,894
2012,Niger,Niamey,569,1030,613,1778,175,,4165,520,948,469,828,108,,2873,7038
2012,Niger,Sinegodrar,54,105,28,148,19,,354,60,86,38,113,14,,311,665
2012,Niger,Tabareybarey,483,953,336,1351,136,,3259,511,906,292,748,104,,2561,5820
2012,Niger,Tigzefan,119,187,44,253,23,,626,113,148,27,205,15,,508,1134
2012,Nigeria,Amana,8,72,35,88,12,,215,*,65,25,21,5,,116,331
2012,Nigeria,Benue,19,83,47,104,14,,267,30,55,48,79,8,,220,487
2012,Nigeria,Ijebuode,5,6,5,11,,,27,*,6,5,45,*,,56,83
2012,Nigeria,Lagos,99,180,127,767,17,,1190,101,181,167,1408,50,,1907,3097
2012,Nigeria,Oru Camp,5,17,11,56,*,,89,6,10,14,68,*,,98,187
2012,Norway,Dispersed in country,,,,,,,2950,,,,,,,6449,9399
2012,Oman,Dispersed in country,14,9,10,51,*,,84,7,10,9,43,*,,69,153
2012,Pakistan,Azad Kashmir,333,691,507,1368,91,,2990,362,759,547,1736,189,,3593,6583
2012,Pakistan,Azakhel,1660,2623,1721,3858,169,,10031,1949,2767,1949,4197,338,,11200,21231
2012,Pakistan,Badaber,1789,3260,1943,5134,288,,12414,1885,3378,2114,5873,563,,13813,26227
2012,Pakistan,Baghicha,41,50,44,97,7,,239,41,55,42,101,11,,250,489
2012,Pakistan,Bakka Khel,40,71,33,106,11,,261,52,76,65,162,18,,373,634
2012,Pakistan,Balochistan,14072,28859,18749,50668,3612,,115960,14639,30316,22854,57978,7762,,133549,249509
2012,Pakistan,Barakai,1620,2967,2495,5723,328,,13133,1752,3073,2742,5407,632,,13606,26739
2012,Pakistan,Barari,6,7,*,14,,,27,8,7,7,20,,,42,69
2012,Pakistan,Barary,463,920,505,1512,98,,3498,410,975,553,1639,158,,3735,7233
2012,Pakistan,Barawal,*,*,*,9,*,,9,*,7,5,30,*,,42,51
2012,Pakistan,Basu Mera,227,510,462,1111,49,,2359,263,543,551,1073,125,,2555,4914
2012,Pakistan,Bizen Khel,94,157,140,307,17,,715,110,186,175,334,42,,847,1562
2012,Pakistan,Chagai,5,21,10,30,5,,71,15,23,12,39,6,,95,166
2012,Pakistan,Chakdara,734,1371,993,2091,118,,5307,789,1376,1097,2484,189,,5935,11242
2012,Pakistan,Chichana,245,349,299,724,53,,1670,277,337,340,973,118,,2045,3715
2012,Pakistan,Dabara,113,169,39,125,8,,454,186,211,43,208,16,,664,1118
2012,Pakistan,Daraban,5,9,5,12,,,31,6,,7,14,*,,27,58
2012,Pakistan,Darsamand,295,459,343,888,94,,2079,335,489,400,1015,142,,2381,4460
2012,Pakistan,Doaba,365,538,435,1004,95,,2437,407,546,477,1135,168,,2733,5170
2012,Pakistan,Dodpa,,29,19,40,*,,88,,17,22,56,*,,95,183
2012,Pakistan,Domshivgar,11,27,15,36,*,,89,7,16,21,43,*,,87,176
2012,Pakistan,Gambila,93,178,92,266,27,,656,133,177,120,313,51,,794,1450
2012,Pakistan,Gamkol,2298,3404,2660,6139,359,,14860,2387,3365,3054,7365,670,,16841,31701
2012,Pakistan,Gandaf,962,1428,1100,2374,192,,6056,1023,1493,1182,2635,243,,6576,12632
2012,Pakistan,Gandhi Khan Khel,162,297,205,482,32,,1178,204,298,197,466,71,,1236,2414
2012,Pakistan,Ghazgai Minara,116,227,117,317,27,,804,104,257,181,386,54,,982,1786
2012,Pakistan,Ghazi,9,23,5,30,*,,67,12,27,9,34,5,,87,154
2012,Pakistan,Ghiljo,83,118,49,186,12,,448,84,114,61,177,23,,459,907
2012,Pakistan,Ghulam Banda,541,860,680,1658,80,,3819,594,904,824,1784,205,,4311,8130
2012,Pakistan,Girdi Jungle,1486,2486,1488,3498,579,,9537,1870,2808,2026,5198,901,,12803,22340
2012,Pakistan,Ichirian,298,585,289,960,62,,2194,251,581,333,1017,112,,2294,4488
2012,Pakistan,Islamabad,1791,3762,2706,7580,440,,16279,1914,4058,3240,8578,869,,18659,34938
2012,Pakistan,Jalala,899,1701,943,2702,164,,6409,932,1762,1083,2930,305,,7012,13421
2012,Pakistan,Jalozai,4481,6535,3561,12073,928,,27578,5416,7965,5122,10769,921,,30193,57771
2012,Pakistan,Jerma,80,105,71,190,16,,462,100,118,102,242,28,,590,1052
2012,Pakistan,Kababian,803,1260,859,2419,85,,5426,878,1277,954,3431,201,,6741,12167
2012,Pakistan,Kaghan,117,240,140,342,26,,865,150,240,166,338,36,,930,1795
2012,Pakistan,Kalatak,46,94,66,161,7,,374,49,119,83,242,12,,505,879
2012,Pakistan,Karachi,*,14,7,34,,,55,*,5,*,41,,,46,101
2012,Pakistan,Kata Kanri,371,591,455,955,97,,2469,389,620,455,1124,131,,2719,5188
2012,Pakistan,Kesu,38,85,61,151,6,,341,56,101,92,175,15,,439,780
2012,Pakistan,Khaki,947,2025,1039,3014,217,,7242,976,2024,1247,3104,346,,7697,14939
2012,Pakistan,Khazana,436,688,509,1165,79,,2877,407,653,628,1412,128,,3228,6105
2012,Pakistan,Kheshki,42,50,33,90,*,,215,26,61,42,97,12,,238,453
2012,Pakistan,Khoughani,117,152,117,316,14,,716,101,152,145,329,27,,754,1470
2012,Pakistan,Khurasan,234,370,317,942,72,,1935,230,359,318,1037,96,,2040,3975
2012,Pakistan,Khyber Pakhtunkhwa,84450,121373,71342,263746,13347,,554258,99943,145132,97392,272051,25562,,640080,1194338
2012,Pakistan,Koga,749,991,765,1771,91,,4367,784,956,929,1697,160,,4526,8893
2012,Pakistan,Kot Chandna,1012,1749,1337,3064,150,,7312,1092,1654,1469,3055,307,,7577,14889
2012,Pakistan,Kotkai,180,271,224,504,71,,1250,188,334,249,599,100,,1470,2720
2012,Pakistan,Kotwai,382,712,516,1122,84,,2816,429,706,517,987,177,,2816,5632
2012,Pakistan,Kund/Khairabad,1097,1751,890,2409,191,,6338,1107,1820,936,2464,296,,6623,12961
2012,Pakistan,Lakti Banda,436,732,517,1267,159,,3111,456,767,593,1265,229,,3310,6421
2012,Pakistan,Lejay Karez,47,76,52,143,8,,326,68,56,80,225,41,,470,796
2012,Pakistan,Malgagai,454,663,538,1187,130,,2972,425,764,568,1386,213,,3356,6328
2012,Pakistan,Mayar,53,96,91,174,19,,433,69,104,72,240,24,,509,942
2012,Pakistan,Mera Kachori,350,615,397,1020,71,,2453,322,576,443,1052,118,,2511,4964
2012,Pakistan,Mohammad Kheil,297,697,293,1131,33,,2451,310,745,395,1157,143,,2750,5201
2012,Pakistan,Munda,690,1379,799,2013,116,,4997,720,1344,873,1926,240,,5103,10100
2012,Pakistan,Nagar,22,34,16,42,*,,114,18,36,21,60,*,,135,249
2012,Pakistan,Naguman,183,420,275,654,35,,1567,195,397,354,696,74,,1716,3283
2012,Pakistan,Naurang,57,144,114,258,20,,593,73,160,119,274,37,,663,1256
2012,Pakistan,New Akora,60,26,7,43,*,,136,51,30,15,154,6,,256,392
2012,Pakistan,New Durrani,871,1382,645,2385,218,,5501,1024,2020,1275,2387,231,,6937,12438
2012,Pakistan,Oblan,659,1046,862,1817,136,,4520,709,1089,895,1897,221,,4811,9331
2012,Pakistan,Old Akora,2928,4166,2873,7315,254,,17536,2989,4367,3326,7684,791,,19157,36693
2012,Pakistan,Old Shamshatoo,3474,6112,3856,11586,500,,25528,3650,6551,4381,12352,1111,,28045,53573
2012,Pakistan,Padhana,550,1209,786,2078,122,,4745,538,1260,891,2199,259,,5147,9892
2012,Pakistan,Panian,3187,8015,3342,12648,721,,27913,3440,8336,3757,11994,1380,,28907,56820
2012,Pakistan,Peshawar,,,*,*,,,*,,,*,5,,,5,5
2012,Pakistan,Pir Alizai,725,1416,612,1677,96,,4526,701,1443,743,2098,260,,5245,9771
2012,Pakistan,Posti,19,18,17,29,*,,83,12,23,16,33,7,,91,174
2012,Pakistan,Punjab,9471,18136,12654,33769,2071,,76101,10040,19231,15184,42393,3970,,90818,166919
2012,Pakistan,Pusha Pul,56,92,47,109,9,,313,49,91,86,188,28,,442,755
2012,Pakistan,Quetta,,,*,13,,,13,,,*,17,,,17,30
2012,Pakistan,Rakh Zandani,,,*,*,,,*,*,*,*,5,,,5,5
2012,Pakistan,Rata Kulachi,25,56,29,68,6,,184,20,49,56,100,14,,239,423
2012,Pakistan,Saranan,1479,2426,1807,4240,228,,10180,1556,2403,2101,4352,626,,11038,21218
2012,Pakistan,Shaikh Abad,377,701,387,1103,79,,2647,314,753,417,1193,108,,2785,5432
2012,Pakistan,Shindand,124,201,161,314,20,,820,122,179,183,342,35,,861,1681
2012,Pakistan,Sindh,4055,6858,5431,14596,733,,31673,4298,7069,6274,17568,1708,,36917,68590
2012,Pakistan,Sund Rawal,,11,10,15,*,,36,,14,13,40,6,,73,109
2012,Pakistan,Surkhab,438,873,515,1456,86,,3368,439,916,651,1606,234,,3846,7214
2012,Pakistan,Thall,882,1397,1077,2629,275,,6260,947,1496,1313,2534,426,,6716,12976
2012,Pakistan,Timer,491,1070,774,1747,95,,4177,517,1093,853,1844,181,,4488,8665
2012,Pakistan,Togh Sarai,544,675,368,1165,106,,2858,635,859,330,1042,97,,2963,5821
2012,Pakistan,Toor,177,269,195,396,31,,1068,192,266,210,617,44,,1329,2397
2012,Pakistan,Urguch,*,5,5,10,,,20,*,5,*,21,,,26,46
2012,Pakistan,Utmanzai,216,525,296,766,48,,1851,239,567,305,823,115,,2049,3900
2012,Pakistan,Yakaghund,238,335,171,387,26,,1157,227,332,180,396,38,,1173,2330
2012,Pakistan,Zafarabad,201,371,224,468,24,,1288,227,380,295,615,82,,1599,2887
2012,Pakistan,Zangal Patai,*,12,8,36,,,56,*,17,13,38,*,,68,124
2012,Pakistan,Zar Karez,281,531,319,830,61,,2022,276,564,416,874,123,,2253,4275
2012,Pakistan,Dispersed in country,165,337,299,821,43,,1665,180,377,367,590,41,,1555,3220
2012,Palau,Koror,,,,,,,,,,,*,,,*,*
2012,Panama,Darien,68,71,70,149,14,,372,68,57,60,161,25,,371,743
2012,Panama,Kuna Yala,5,13,16,25,*,,59,*,12,14,29,*,,55,114
2012,Panama,Dispersed in country,268,729,2065,3336,862,,7260,262,808,2610,5021,972,,9673,16933
2012,Papua New Guinea,East Awin,143,199,163,581,41,,1127,145,226,185,568,47,,1171,2298
2012,Papua New Guinea,Port Moresby,*,*,,*,,,*,*,*,*,10,,,10,10
2012,Papua New Guinea,Regional Processing Centre,,,,,,,,,,,,,,,155
2012,Papua New Guinea,Vanimo,,,,,,,,,,,*,,,*,*
2012,Papua New Guinea,Dispersed in country,440,612,501,1789,126,,3468,446,696,569,1746,145,,3602,7070
2012,Paraguay,Asuncion,*,8,6,38,*,,52,*,*,5,76,*,,81,133
2012,Peru,Dispersed in country,9,30,72,445,26,,582,14,49,88,783,84,,1018,1600
2012,Philippines,ARMM,,,,,,,,,,,,,,,281406
2012,Philippines,CALABARZON (Region IV-A ),,,*,*,,,*,,,*,9,*,,9,9
2012,Philippines,Caraga (Region XIII),,,,,,,,,,,,,,,3543
2012,Philippines,Central Luzon (Region III),,,,*,,,*,,,,9,,,9,9
2012,Philippines,Davao (Region XI),,,,,,,3007,,,,*,,,3008,7949
2012,Philippines,MIMAROPA (Region IV-B),,,,,,,,,,,*,,,*,*
2012,Philippines,National Capital Region (NCR),,,*,23,,,23,*,*,*,103,*,,103,126
2012,Philippines,Northern Mindanao (Region X),,,,,,,,,,,,,,,2047
2012,Philippines,SOCCSKSARGEN (Region XII),,,,,,,,,,,,,,,46775
2012,Philippines,Western Visayas (Region VI),,,,,,,,,,,*,,,*,*
2012,Philippines,Zamboanga Peninsula (Region IX),,,,,,,,,,,,,,,1669
2012,Philippines,Dispersed in country,,,,,,,16,,,,,,,52,68
2012,Poland,Biala Podlaskae,,,,,,,63,,,,,,,54,117
2012,Poland,Bialystok,,,,,,,84,,,,,,,76,160
2012,Poland,Czerwony Bor,,,,,,,35,,,,,,,39,74
2012,Poland,Debak,,,,,,,48,,,,,,,81,129
2012,Poland,Grotniki,,,,,,,53,,,,,,,47,100
2012,Poland,Grupa,,,,,,,56,,,,,,,68,124
2012,Poland,Horbow,,,,,,,58,,,,,,,53,111
2012,Poland,Linin,,,,,,,76,,,,,,,72,148
2012,Poland,Lublin,,,,,,,54,,,,,,,52,106
2012,Poland,Lukow,,,,,,,68,,,,,,,62,130
2012,Poland,Warszawa,,,,,,,78,,,,,,,26,104
2012,Portugal,Dispersed in country,,,,,,,,,,,,,,,197
2012,Qatar,Dispersed in country,9,6,7,45,*,,67,10,,7,40,7,,64,131
2012,Republic of Korea,Cheongju,,,,*,,,*,,,,*,,,*,*
2012,Republic of Korea,Daegu,,,,*,,,*,,,,*,,,*,*
2012,Republic of Korea,Daejeon,,,,*,*,,*,,,,*,*,,*,*
2012,Republic of Korea,Inchon,,,,*,,,*,,,,15,,,15,15
2012,Republic of Korea,Pohang,,,,,,,,,,,*,,,*,*
2012,Republic of Korea,Seoul,21,19,*,218,5,,263,25,20,13,1433,6,,1497,1760
2012,Republic of Korea,Suwon,,,,,,,,,,,6,*,,6,6
2012,Republic of Korea,Whasung,,,,*,*,,*,,,,11,*,,11,11
2012,Republic of Korea,Yangju,,,,*,,,*,,,,*,,,*,*
2012,Republic of Korea,Yeosu,,,,,,,,,,,*,,,*,*
2012,Republic of Korea,Dispersed in country,,,,,,,111,,,,,,,68,394
2012,Republic of Moldova,Chisinau,*,*,,10,*,,10,,,,58,*,,58,68
2012,Republic of Moldova,Dispersed in country,*,5,*,1074,147,,1226,*,5,8,834,103,,950,2176
2012,Romania,Bucharest,*,*,,109,,,109,*,*,34,1768,,,1802,1911
2012,Russian Federation,Chechnya,,,,,,,,,,,,,,,11
2012,Russian Federation,North Caucasus,,,,,,,,,,,,,,,7976
2012,Russian Federation,Dispersed in country,,,,,,,,,,,,,,,183114
2012,Rwanda,Bugesera,31,22,14,65,*,,132,35,23,8,35,6,,107,239
2012,Rwanda,Burera,18,10,6,40,*,,74,12,8,10,12,*,,42,116
2012,Rwanda,Gakenke,11,6,*,15,*,,32,13,,,5,,,18,50
2012,Rwanda,Gasabo,17,10,*,29,,,56,13,17,*,17,*,,47,103
2012,Rwanda,Gatsibo,822,1540,1078,2799,186,,6425,830,1485,1033,1603,146,,5097,11522
2012,Rwanda,Gicumbi,17,14,*,28,*,,59,17,15,9,10,*,,51,110
2012,Rwanda,Gihembe,847,1490,1334,3649,449,,7769,848,1531,1296,2313,249,,6237,14006
2012,Rwanda,Gisagara,9,9,7,28,*,,53,9,14,6,13,,,42,95
2012,Rwanda,Huye,34,36,13,82,5,,170,35,34,8,28,*,,105,275
2012,Rwanda,Kamonyi,14,11,*,23,*,,48,11,12,*,8,,,31,79
2012,Rwanda,Karongi,172,131,68,330,16,,717,143,117,48,87,20,,415,1132
2012,Rwanda,Kayonza,6,6,*,11,*,,23,7,,,*,*,,7,30
2012,Rwanda,Kicukiro,6,5,*,13,,,24,8,6,*,9,,,23,47
2012,Rwanda,Kigali-ngali,114,223,167,470,11,,985,91,206,169,464,18,,948,1933
2012,Rwanda,Kirehe,7,5,,15,*,,27,7,6,*,12,,,25,52
2012,Rwanda,Kiziba,1175,1648,1366,4144,464,,8797,1075,1538,1328,2821,368,,7130,15927
2012,Rwanda,Muhanga,14,16,*,37,*,,67,17,9,5,13,*,,44,111
2012,Rwanda,Musanze,150,126,35,323,11,,645,158,99,32,123,12,,424,1069
2012,Rwanda,Ngoma,14,13,5,32,*,,64,14,16,7,14,*,,51,115
2012,Rwanda,Ngororero,73,58,27,163,8,,329,62,46,16,70,6,,200,529
2012,Rwanda,Nyabihu,206,122,49,446,16,,839,184,117,27,147,9,,484,1323
2012,Rwanda,Nyagatare (Cyangugu),*,*,,5,,,5,*,*,,,,,*,5
2012,Rwanda,Nyamagabe,1516,1904,1322,3644,226,,8612,1551,1890,1088,1740,161,,6430,15042
2012,Rwanda,Nyamasheke,130,96,38,226,10,,500,109,107,37,67,9,,329,829
2012,Rwanda,Nyanza,13,17,10,36,*,,76,21,14,6,13,*,,54,130
2012,Rwanda,Nyarugenge,11,5,,26,,,42,16,12,*,11,,,39,81
2012,Rwanda,Nyaruguru,33,37,18,62,*,,150,26,27,6,30,*,,89,239
2012,Rwanda,Rubavu,412,397,245,1001,53,,2108,410,357,190,412,44,,1413,3521
2012,Rwanda,Ruhango,17,16,11,60,*,,104,28,19,9,16,6,,78,182
2012,Rwanda,Rulindo,12,8,*,21,,,41,14,10,*,*,*,,24,65
2012,Rwanda,Rusizi,65,47,19,116,5,,252,70,51,20,33,*,,174,426
2012,Rwanda,Rutsiro,162,97,44,295,11,,609,150,90,33,120,8,,401,1010
2012,Rwanda,Rwamagana,11,,*,14,*,,25,*,8,*,7,,,15,40
2012,Saint Kitts and Nevis,Dispersed in country,,,,,,,,,,,*,,,*,*
2012,Saint Lucia,Castries,,,,,,,,,,,*,,,*,*
2012,Saudi Arabia,Al-Qateef,,,*,*,,,*,,,*,*,,,*,*
2012,Saudi Arabia,Arar,,,,,,,,,,,*,,,*,*
2012,Saudi Arabia,Jeddah,5,20,27,37,*,,89,6,25,17,55,5,,108,197
2012,Saudi Arabia,Khobar,,,*,*,*,,*,,,*,11,,,11,11
2012,Saudi Arabia,Madinah,,,,*,,,*,,,,*,,,*,*
2012,Saudi Arabia,Riyadh,6,40,30,98,5,,179,9,39,50,157,7,,262,441
2012,Senegal,Dakar,84,122,116,920,21,,1263,92,163,132,2006,35,,2428,3691
2012,Senegal,Richard Toll,1347,1627,755,2750,270,,6749,1377,1527,724,2060,227,,5915,12664
2012,Senegal,Saint Louis,*,*,,9,,,9,*,*,,13,*,,13,22
2012,Senegal,Thiès,6,17,16,29,*,,68,10,25,20,58,*,,113,181
2012,Serbia (and Kosovo: S/RES/1244 (1999)),Belgrade,30,2996,4781,28919,13204,,49930,17,3168,5190,30447,9140,,47962,97892
2012,Serbia (and Kosovo: S/RES/1244 (1999)),Central Serbia,1066,862,859,1461,71,,4319,1067,860,876,1626,75,,4504,8823
2012,Serbia (and Kosovo: S/RES/1244 (1999)),Central and Southern Serbia,5,4782,7084,41217,15472,,68560,6,5113,7419,41966,12281,,66785,135345
2012,Serbia (and Kosovo: S/RES/1244 (1999)),Vojvodina,,618,1463,11739,8245,,22065,,700,1603,13909,4937,,21149,43214
2012,Serbia (and Kosovo: S/RES/1244 (1999)),Dispersed in territory,1131,1266,1297,3994,1364,,9052,1202,1295,1333,5240,1322,,10392,19444
2012,Sierra Leone,Bandajuma,*,17,6,21,*,,44,*,16,11,28,*,,55,99
2012,Sierra Leone,Bo,*,28,37,149,8,,222,*,25,42,143,10,,220,442
2012,Sierra Leone,Freetown,13,86,133,147,15,,394,12,94,110,195,11,,422,816
2012,Sierra Leone,Gerihun,5,32,30,55,5,,127,*,22,99,110,*,,231,358
2012,Sierra Leone,Gondama,11,94,69,73,*,,247,14,78,47,99,*,,238,485
2012,Sierra Leone,Jembe,*,34,26,59,*,,119,*,28,23,82,*,,133,252
2012,Sierra Leone,Kenema,13,87,97,287,40,,524,18,69,66,160,20,,333,857
2012,Sierra Leone,Largo,*,89,35,83,5,,212,6,45,29,17,6,,103,315
2012,Sierra Leone,Taiama,9,39,23,59,*,,130,6,62,74,123,12,,277,407
2012,Sierra Leone,Tobanda,*,19,26,35,*,,80,5,23,18,61,*,,107,187
2012,Singapore,Dispersed in country,,,,*,,,*,,,,*,,,*,*
2012,Sint Maarten (Dutch part),Philipsburg,,,,*,,,*,,,*,*,,,*,*
2012,Slovakia,Humenne,*,5,*,6,,,11,*,*,,6,,,6,17
2012,Slovakia,Dispersed in country,27,17,9,64,,,117,17,,7,597,,,621,738
2012,Slovenia,Ljubljana,*,9,6,48,,,63,*,16,28,163,,,207,270
2012,Solomon Islands,Honiara,,,,*,,,*,,,,*,,,*,*
2012,Somalia,Awdal,922,860,553,1598,123,,4056,860,922,553,1475,123,,3933,7989
2012,Somalia,Bakool,2769,2583,1662,4800,370,,12184,2584,2770,1662,4430,370,,11816,24000
2012,Somalia,Banaadir,38852,36239,23317,67336,5186,,170930,36252,38859,23317,62151,5191,,165770,336700
2012,Somalia,Bari,5655,5275,3394,9801,755,,24880,5277,5656,3394,9047,756,,24130,49010
2012,Somalia,Bay,4595,4286,2758,7964,613,,20216,4287,4596,2758,7350,614,,19605,47129
2012,Somalia,Bosaso,243,373,159,811,32,,1618,264,347,140,1218,44,,2013,3631
2012,Somalia,Gaalkacyo,34,49,10,100,*,,193,63,47,10,101,10,,231,424
2012,Somalia,Galgaduud,13820,12891,8294,23952,1845,,60802,12895,13823,8294,22108,1847,,58967,119769
2012,Somalia,Gedo,8854,8258,5314,15345,1182,,38953,8261,8855,5314,14163,1183,,37776,76729
2012,Somalia,Hargeisa,649,666,320,1650,11,,3296,606,702,306,1737,47,,3398,6694
2012,Somalia,Hiraan,5903,5506,3543,10231,788,,25971,5508,5904,3543,9444,789,,25188,51159
2012,Somalia,Juba Dhexe,3116,2906,1870,5400,416,,13708,2907,3116,1870,4984,416,,13293,27001
2012,Somalia,Juba Hoose,3531,3293,2119,6120,471,,15534,3295,3532,2119,5648,472,,15066,30600
2012,Somalia,Mogadishu Area,12,11,*,15,,,38,8,5,*,21,,,34,72
2012,Somalia,Mudug,8179,7629,4909,14176,1092,,35985,7632,8181,4909,13084,1093,,34899,70884
2012,Somalia,Nugaal,1096,1022,658,1899,146,,4821,1022,1096,658,1753,146,,4675,9496
2012,Somalia,Sanaag,105,98,63,182,14,,462,98,105,63,168,14,,448,910
2012,Somalia,Shabelle Dhexe,5996,5592,3598,10391,800,,26377,5594,5997,3598,9591,801,,25581,51958
2012,Somalia,Shabelle Hoose,18667,17411,11203,32352,2491,,82124,17417,18670,11203,29861,2494,,79645,164649
2012,Somalia,Sool,556,519,334,964,74,,2447,519,556,334,890,74,,2373,4820
2012,Somalia,Togdheer,2972,2773,1784,5152,397,,13078,2774,2973,1784,4755,397,,12683,25761
2012,Somalia,Woqooyi Galbeed,5145,4799,3088,8918,687,,22637,4801,5146,3088,8231,687,,21953,44590
2012,South Sudan,Andari,14,32,12,93,9,,160,20,38,11,68,7,,144,304
2012,South Sudan,Batil,3550,4706,2217,7733,727,,18933,3683,4669,2241,6304,924,,17821,36754
2012,South Sudan,Central Equatoria,,,,,,,,,,,,,,,22070
2012,South Sudan,Doro,4771,5978,2722,9177,487,,23135,5081,6127,2841,7078,452,,21579,44714
2012,South Sudan,Eastern Equatoria,,,,,,,,,,,,,,,11921
2012,South Sudan,Ezo,232,404,190,1045,99,,1970,271,367,190,877,83,,1788,3758
2012,South Sudan,Gendrassa,1397,2103,941,3183,230,,7854,1483,1944,866,2325,286,,6904,14758
2012,South Sudan,Gorom,174,172,73,335,6,,760,208,181,114,687,*,,1190,1950
2012,South Sudan,Jamam,1474,2045,1056,3484,380,,8439,1494,1960,846,2589,501,,7390,15829
2012,South Sudan,Jonglei,,,,,,,,,,,,,,,137238
2012,South Sudan,Juba,256,255,89,733,8,,1366,237,233,108,3323,48,,3978,5344
2012,South Sudan,Kajo Keji,,,,,,,752,,,,,,,639,1391
2012,South Sudan,Lainya,,,,,,,*,,,,,,,*,*
2012,South Sudan,Lakes,,,,,,,,,,,,,,,11464
2012,South Sudan,Lasu,711,1052,667,1894,175,,4499,685,1004,679,1423,106,,3897,8396
2012,South Sudan,Magwi,,,,,,,122,,,,,,,112,234
2012,South Sudan,Makpandu,337,503,248,1441,78,,2607,329,472,232,1959,101,,3093,5700
2012,South Sudan,Malakal,11,6,,20,*,,37,12,,,62,,,74,111
2012,South Sudan,Maridi,38,41,9,60,*,,166,47,31,18,76,*,,172,338
2012,South Sudan,Morobo,8,5,,16,*,,42,*,5,*,16,,,37,79
2012,South Sudan,Naandi,13,33,7,54,*,,107,10,31,15,58,6,,120,227
2012,South Sudan,Northern Bahr el Ghazal,,,,,,,,,,,,,,,29421
2012,South Sudan,Nyeel,80,112,72,137,13,,414,97,102,95,111,8,,413,827
2012,South Sudan,Pariang,*,*,60,124,,,184,*,*,49,521,,,570,754
2012,South Sudan,Pochalla,246,511,351,929,38,,2075,247,541,331,362,22,,1503,3578
2012,South Sudan,Renk,32,12,6,53,*,,103,33,19,*,83,*,,135,238
2012,South Sudan,Source Yubu,45,107,35,213,9,,409,61,97,44,115,10,,327,736
2012,South Sudan,Tambura,49,104,21,173,*,,347,61,86,27,153,,,327,674
2012,South Sudan,Unity,,,,,,,,,,,,,,,46451
2012,South Sudan,Upper Nile,,,,,,,,,,,,,,,50978
2012,South Sudan,Warrab,,,,,,,,,,,,,,,18306
2012,South Sudan,Western Bahr el Ghazal,,,,,,,,,,,,,,,13045
2012,South Sudan,Western Equatoria,,,,,,,,,,,,,,,4776
2012,South Sudan,Yambio,,,,,,,13,,,,,,,18,31
2012,South Sudan,Yei,,,12,251,,,323,*,*,11,22,,,110,433
2012,South Sudan,Yida,6267,8054,4496,11730,599,,31146,6657,7834,4276,6914,482,,26163,57309
2012,Sri Lanka,Ampara,,,,*,,,*,,,,*,,,*,3653
2012,Sri Lanka,Anuradhapura,,,,,,,,,,,,,,,3360
2012,Sri Lanka,Batticaloa,*,*,*,*,,,*,,,*,*,,,*,180
2012,Sri Lanka,Colombo,8,17,14,69,*,,108,12,22,10,80,*,,124,232
2012,Sri Lanka,Gampaha,8,15,10,39,*,,72,14,6,9,58,*,,87,159
2012,Sri Lanka,Jaffna,8,13,9,69,15,,114,6,19,22,62,13,,122,47082
2012,Sri Lanka,Kandy,,,,,,,,,,,*,,,*,*
2012,Sri Lanka,Kilinochchi,*,*,5,28,*,,33,,,*,23,*,,23,7190
2012,Sri Lanka,Mannar,11,33,19,105,16,,184,10,32,22,124,16,,204,2950
2012,Sri Lanka,Matale,,,,*,,,*,*,*,,*,,,*,*
2012,Sri Lanka,Mullaitivu,*,*,,*,*,,*,,,,*,*,,*,18452
2012,Sri Lanka,Puttalam,,,,*,,,*,*,*,,*,,,*,13000
2012,Sri Lanka,Trincomalee,14,24,21,93,10,,162,19,26,28,95,10,,178,12262
2012,Sri Lanka,Vavuniya,13,24,16,90,30,,173,9,27,18,109,23,,186,20742
2012,Sri Lanka,Dispersed in country,,,*,*,*,,*,,,*,*,*,,*,10600
2012,Sudan,Abu Rakham area,10,29,38,98,16,,191,8,35,37,93,25,,198,389
2012,Sudan,Abuda,169,259,225,759,90,,1502,159,260,245,655,113,,1432,2934
2012,Sudan,Armankul,,,,,,,1150,,,,,,,1150,2300
2012,Sudan,Aroma,*,*,,*,,,*,,,*,6,*,,6,6
2012,Sudan,Asotriba,,,,,,,,,,,*,,,*,*
2012,Sudan,Awad El Seid,10,51,37,172,24,,294,13,69,52,134,42,,310,604
2012,Sudan,Basonda,,,,*,,,*,*,*,,,,,*,*
2012,Sudan,Bir Khadija,,,,,,,100,,,,,,,100,200
2012,Sudan,Bir Saleeba area,,,,,,,1500,,,,,,,1500,3000
2012,Sudan,Bir Touk,,,,,,,125,,,,,,,125,250
2012,Sudan,Central Darfur,,,,,,,158738,,,,,,,158742,317480
2012,Sudan,Dabag,,,,,,,75,,,,,,,75,150
2012,Sudan,Daim,,,*,*,,,*,,,,7,*,,7,7
2012,Sudan,Dehama,,,,,,,,,,,*,,,*,*
2012,Sudan,Diam El-Nour,9,33,31,147,*,,220,9,37,25,246,15,,332,552
2012,Sudan,Doka,,,*,*,*,,*,,,*,,*,,*,*
2012,Sudan,Dordeab,,,*,5,,,5,,,,*,,,*,5
2012,Sudan,Eastern Darfur,,,,,,,71750,,,,,,,71750,143500
2012,Sudan,El Geneina,,,,*,,,*,,,,46,,,46,46
2012,Sudan,Es Showak,*,*,*,16,*,,16,*,6,6,19,*,,31,47
2012,Sudan,Fath El Rahman,*,25,20,96,20,,161,10,20,19,77,26,,152,313
2012,Sudan,Fau 5,23,80,60,230,36,,429,20,94,62,221,51,,448,877
2012,Sudan,Fau Town,,,,*,,,*,,,*,,,,*,*
2012,Sudan,Gadaref,32,126,117,427,19,,721,61,148,139,487,53,,888,1609
2012,Sudan,Gari,,,,,,,75,,,,,,,75,150
2012,Sudan,Gari and Dabag,,,,,,,,,,*,,,,*,*
2012,Sudan,Gelu,,,,,,,75,,,,,,,75,150
2012,Sudan,Geref,*,*,*,15,,,15,*,*,*,20,*,,20,35
2012,Sudan,Girba,376,520,414,1776,229,,3315,403,569,440,1244,317,,2973,6288
2012,Sudan,Gulsa,,5,9,22,*,,36,*,*,6,6,*,,12,48
2012,Sudan,Habillah,,,,,,,7500,,,,,,,7500,15000
2012,Sudan,Hawata,*,*,,*,,,*,*,*,,,,,*,*
2012,Sudan,Kalakla,,,,*,,,*,,,*,*,,,*,*
2012,Sudan,Karkora,,5,6,12,*,,23,*,*,*,12,*,,12,35
2012,Sudan,Kassala,128,369,319,1352,100,,2268,128,385,335,1656,134,,2638,4906
2012,Sudan,Khartoum,186,587,730,3893,161,,15536,166,556,761,4705,264,,16433,31969
2012,Sudan,Khartoum North,*,*,,*,,,*,*,*,,*,,,*,*
2012,Sudan,Khartoum Urban,15,20,15,72,*,,122,12,26,22,90,5,,155,277
2012,Sudan,Kilo 26,454,691,603,2254,296,,4298,537,719,603,1758,395,,4012,8310
2012,Sudan,Kilo 7,6,38,21,120,20,,205,17,34,33,115,30,,229,434
2012,Sudan,Kolain,,,,,,,75,,,,,,,75,150
2012,Sudan,Laffa,*,*,,6,*,,6,,,,,,,*,6
2012,Sudan,Mafaza,,,,*,,,*,,,,,,,,*
2012,Sudan,Marghania,6,18,12,85,*,,121,*,17,22,119,7,,165,286
2012,Sudan,Mukjar,83,119,53,146,18,,419,92,96,59,125,14,,386,805
2012,Sudan,New Halfa,7,16,5,88,,,116,16,16,11,833,7,,883,999
2012,Sudan,Northern Darfur,,,,,,,239069,,,,,,,240069,479138
2012,Sudan,Nyala,,,,*,,,*,*,*,,13,,,13,13
2012,Sudan,Port Sudan,24,99,84,265,15,,487,16,120,71,475,25,,707,1194
2012,Sudan,Safawa,,,,*,*,,*,,,,,,,,*
2012,Sudan,Salalab,7,43,30,134,*,,214,9,40,38,179,12,,278,492
2012,Sudan,Salmin,,,,*,,,*,,,,*,,,*,*
2012,Sudan,Shagarab 1,590,1412,958,3687,401,,7048,574,1502,1091,3267,510,,6944,13992
2012,Sudan,Shagarab 2,427,1122,792,2520,225,,5086,421,1226,846,1586,365,,4444,9530
2012,Sudan,Shagarab 3,342,647,517,1712,196,,7421,339,668,451,1073,287,,6826,14247
2012,Sudan,Sinkat,,,,,,,,,,,*,,,*,*
2012,Sudan,South Kordofan,,,,,,,25000,,,,,,,25000,50000
2012,Sudan,Southern Darfur,,,,,,,329572,,,,,,,329573,659145
2012,Sudan,Suwakin,5,6,*,18,*,,29,*,*,*,43,*,,43,72
2012,Sudan,Tendelti,,,,,,,1250,,,,,,,1250,2500
2012,Sudan,Tokar,,,,,,,,,,,*,,,*,*
2012,Sudan,Um Ali,*,13,10,14,,,37,5,7,7,7,*,,26,63
2012,Sudan,Um Dafog,,,,,,,813,,,,,,,713,1526
2012,Sudan,Um Dukhun,,,,,,,300,,,,,,,300,600
2012,Sudan,Um Gargur,470,724,625,2316,308,,4443,479,767,749,2073,436,,4504,8947
2012,Sudan,Um Gulja,74,190,92,519,76,,951,78,187,100,529,186,,1080,2031
2012,Sudan,Um Rakuba,19,51,31,170,15,,286,22,63,53,159,33,,330,616
2012,Sudan,Um Shalaya,815,906,509,1736,292,,4258,754,813,576,993,157,,3293,7551
2012,Sudan,Um brosh,,,,,,,,,,,*,,,*,*
2012,Sudan,Wad El Hileau,14,35,29,77,10,,165,7,34,18,74,8,,141,306
2012,Sudan,Wad Medani,,,*,*,,,*,,,,,*,,*,*
2012,Sudan,Wad Sherife,670,1305,1222,5148,795,,9140,710,1375,1287,3019,715,,7106,16246
2012,Sudan,Western Darfur,,,,,,,166624,,,,,,,166624,333248
2012,Suriname,Dispersed in country,,,,*,,,*,,,,*,,,*,*
2012,Swaziland,Malindza Reception Centre,21,34,23,74,,,152,21,29,32,172,*,,254,406
2012,Swaziland,Dispersed in country,21,30,32,126,*,,209,19,41,37,206,*,,303,512
2012,Sweden,Dispersed in country,,,,,,,10655,,,,,,,16018,26673
2012,Switzerland,Dispersed in country,1615,2145,1611,9840,642,,29680,1692,2292,2047,18027,380,,42776,72456
2012,Syrian Arab Republic,Al Hol,5,,5,30,*,,40,7,5,*,40,*,,52,92
2012,Syrian Arab Republic,Aleppo,176,268,254,1027,93,,1818,165,259,285,1016,126,,1851,3669
2012,Syrian Arab Republic,As-Suweida,*,*,*,7,,,7,*,*,*,9,,,9,16
2012,Syrian Arab Republic,Damascus,1903,3846,3485,14649,1972,,25855,1983,4020,3686,14396,2300,,26385,52240
2012,Syrian Arab Republic,Dara,56,110,102,321,29,,618,70,128,139,311,36,,684,1302
2012,Syrian Arab Republic,Dayr Az-Zor,50,80,64,215,12,,421,50,71,60,193,20,,394,815
2012,Syrian Arab Republic,Hama,7,20,14,62,6,,109,16,21,25,44,8,,114,223
2012,Syrian Arab Republic,Hassakeh,375,620,412,1612,192,,3211,359,671,473,1014,138,,2655,5866
2012,Syrian Arab Republic,Homs,60,133,133,421,49,,796,80,151,138,399,80,,848,1644
2012,Syrian Arab Republic,Idleb,16,19,21,83,*,,139,18,38,26,74,*,,156,295
2012,Syrian Arab Republic,Lattakia,10,44,37,140,16,,247,21,44,53,145,25,,288,535
2012,Syrian Arab Republic,Raqqa,12,22,15,45,*,,94,14,18,18,34,*,,84,178
2012,Syrian Arab Republic,Tartous,18,27,41,121,16,,223,15,31,42,111,27,,226,449
2012,Syrian Arab Republic,Dispersed in country,16241,31520,27610,114108,15327,,204806,16803,32891,30118,109137,17619,,206568,411374
2012,Tajikistan,Dushanbe,*,9,10,11,,,30,*,*,8,18,*,,2508,2778
2012,Tajikistan,Khatlon,,,,,,,,,,,,,,86,86
2012,Tajikistan,Khujand,,,,,,,,,,,,,,181,181
2012,Tajikistan,Dispersed in country,*,*,,*,,,*,,,,5,,,1328,3628
2012,Thailand,Ban Don Yang,215,313,247,965,85,,1825,228,310,258,858,83,,1737,3562
2012,Thailand,Ban Mae Surin,120,145,112,486,42,,905,116,152,131,480,58,,937,1842
2012,Thailand,Bangkok,117,149,69,615,27,,977,121,170,113,1003,39,,1446,2423
2012,Thailand,Mae La,1509,2368,1954,6961,851,,13643,1571,2402,2131,6173,770,,13047,26690
2012,Thailand,Mae La Oon,651,820,609,2390,251,,4721,643,837,651,2488,271,,4890,9611
2012,Thailand,Mae Ra Ma Luang,609,945,647,2275,241,,4717,632,915,695,2163,292,,4697,9414
2012,Thailand,Mae Sot,,13,11,75,*,,99,*,6,10,127,*,,143,242
2012,Thailand,Mai Nai Soi,686,1110,671,2890,339,,5696,699,1164,635,3208,328,,6034,11730
2012,Thailand,Nu Po,751,1305,1054,4178,342,,7630,726,1341,1085,4612,321,,8085,15715
2012,Thailand,Tham Hin,436,611,439,1928,190,,3604,426,636,449,1969,158,,3638,7242
2012,Thailand,Umpium,572,845,756,2867,253,,5293,610,893,767,2794,224,,5288,10581
2012,The former Yugoslav Republic of Macedonia,Berovo,,,,*,,,*,,,,,,,,*
2012,The former Yugoslav Republic of Macedonia,Bitola,13,11,,19,,,43,13,6,*,14,,,33,76
2012,The former Yugoslav Republic of Macedonia,Debar,*,*,,,,,*,*,*,,,,,*,*
2012,The former Yugoslav Republic of Macedonia,Gevgelija,,,,*,,,*,,,,,,,,*
2012,The former Yugoslav Republic of Macedonia,Gostivar,7,7,5,28,*,,47,*,8,12,14,6,,40,87
2012,The former Yugoslav Republic of Macedonia,Kavadarci,,,,*,,,*,*,*,,*,,,*,*
2012,The former Yugoslav Republic of Macedonia,Kicevo,*,*,,19,*,,19,,,*,11,,,11,30
2012,The former Yugoslav Republic of Macedonia,Kocani,,,,*,,,*,,,,,,,,*
2012,The former Yugoslav Republic of Macedonia,Kumanovo,9,8,12,66,*,,95,11,13,10,42,8,,84,179
2012,The former Yugoslav Republic of Macedonia,Ohrid,,,,,,,,,,,*,,,*,*
2012,The former Yugoslav Republic of Macedonia,Prilep,*,8,*,9,,,17,*,*,,9,*,,9,26
2012,The former Yugoslav Republic of Macedonia,Probistip,,,,,*,,*,,,,,,,,*
2012,The former Yugoslav Republic of Macedonia,Radovis,,,,,,,,,,,*,,,*,*
2012,The former Yugoslav Republic of Macedonia,Skopje,84,106,103,506,34,,833,91,120,91,408,31,,741,1610
2012,The former Yugoslav Republic of Macedonia,Stip,*,*,,7,*,,7,6,,*,*,,,6,13
2012,The former Yugoslav Republic of Macedonia,Strumica,,,*,*,,,*,,,,*,,,*,*
2012,The former Yugoslav Republic of Macedonia,Sveti Nikole,,,,,*,,*,,,,,,,,*
2012,The former Yugoslav Republic of Macedonia,Tetovo,9,9,8,63,12,,101,5,10,6,42,*,,63,164
2012,The former Yugoslav Republic of Macedonia,Valandovo,,,*,5,,,5,,,*,*,*,,*,5
2012,The former Yugoslav Republic of Macedonia,Vizbegovo,9,19,11,35,,,74,9,22,43,333,*,,407,481
2012,Timor-Leste,Dili,,,,,,,,,,,*,,,*,*
2012,Togo,Dankpen,185,273,90,395,40,,983,169,276,126,267,34,,872,1855
2012,Togo,Lome,158,202,158,983,30,,1531,190,194,174,1293,18,,1869,3400
2012,Togo,Sotouboua,786,1156,378,1670,168,,4158,750,1227,561,1179,153,,3870,8028
2012,Togo,Tandjoare,974,992,498,2016,300,,4780,949,1025,357,302,61,,2694,7474
2012,Togo,Tropicana Site,191,218,152,918,14,,1493,194,197,169,1203,11,,1774,3267
2012,Tonga,Nuku'alofa,*,*,,,,,*,*,*,,*,,,*,*
2012,Trinidad and Tobago,Port of Spain,,,,*,,,*,,,,17,,,17,17
2012,Tunisia,Bengurdane,*,*,*,29,*,,29,5,,*,51,*,,56,85
2012,Tunisia,Bizerte,,,,*,,,*,,,,,,,,*
2012,Tunisia,Medenine,,,,,,,,,,,11,,,11,11
2012,Tunisia,Monastir,,,,*,,,*,,,,,,,,*
2012,Tunisia,Sfax,,,,*,,,*,*,*,*,*,,,*,*
2012,Tunisia,Shousha,26,16,11,98,,,151,46,22,50,867,10,,995,1146
2012,Tunisia,Sousse,,,*,*,*,,*,,,,*,*,,*,*
2012,Tunisia,Tunis,11,,*,84,5,,100,6,,8,244,*,,258,358
2012,Tunisia,Zarzis,*,*,5,38,,,43,7,,*,45,*,,52,95
2012,Turkey,Adana,48,104,90,380,12,,634,61,113,106,540,18,,838,1472
2012,Turkey,Adiyaman,*,*,*,*,,,4560,*,*,,*,,,4580,9140
2012,Turkey,Afyon,44,67,59,287,16,,473,46,77,83,372,18,,596,1069
2012,Turkey,Agri,22,38,35,140,*,,235,23,66,98,190,5,,382,617
2012,Turkey,Aksaray,34,62,48,193,11,,348,28,58,78,234,13,,411,759
2012,Turkey,Amasya,57,72,48,235,23,,435,45,68,66,293,24,,496,931
2012,Turkey,Ankara,14,38,24,183,7,,266,16,34,44,332,10,,436,702
2012,Turkey,Antalya,,,*,6,,,6,*,*,,8,,,8,14
2012,Turkey,Ardahan,*,*,*,*,,,*,,,,5,,,5,5
2012,Turkey,Balikesir,10,15,8,69,*,,102,10,26,19,96,*,,151,253
2012,Turkey,Batman,13,25,31,64,*,,133,22,35,29,83,*,,169,302
2012,Turkey,Bayburt,10,17,6,38,*,,71,7,12,9,53,*,,81,152
2012,Turkey,Bilecik,14,10,9,78,11,,122,12,21,18,101,10,,162,284
2012,Turkey,Bolu,27,29,20,111,5,,192,27,36,25,145,8,,241,433
2012,Turkey,Burdur,18,39,44,200,*,,301,29,38,64,260,*,,391,692
2012,Turkey,Bursa,,,,*,,,*,,,,*,,,*,*
2012,Turkey,Canakkale,,,*,12,,,12,,,*,18,*,,18,30
2012,Turkey,Cankiri,7,15,12,61,*,,95,*,16,29,109,7,,161,256
2012,Turkey,Corum,28,55,48,181,17,,329,27,65,42,209,14,,357,686
2012,Turkey,Denizli,31,29,24,202,8,,294,21,56,46,332,7,,462,756
2012,Turkey,Duzce,32,49,25,140,6,,252,32,43,27,231,11,,344,596
2012,Turkey,Edirne,*,*,,5,*,,5,,,,6,*,,6,11
2012,Turkey,Erzincan,19,42,26,73,*,,160,24,33,25,101,*,,183,343
2012,Turkey,Erzurum,25,49,46,137,*,,257,17,65,47,164,5,,298,555
2012,Turkey,Eskisehir,32,55,50,233,13,,383,33,73,49,326,14,,495,878
2012,Turkey,Gaziantep,43,99,75,278,9,,13068,52,96,77,409,12,,14235,27303
2012,Turkey,Gumushane,6,10,9,37,*,,62,7,16,16,51,*,,90,152
2012,Turkey,Hakkari,*,*,*,6,,,6,,5,*,8,,,13,19
2012,Turkey,Hatay,11,13,14,50,,,6173,11,16,13,82,,,6934,13107
2012,Turkey,Igdir,*,*,,*,,,*,,,,*,,,*,*
2012,Turkey,Isparta,31,56,42,204,6,,339,53,63,56,223,*,,395,734
2012,Turkey,Istanbul,74,125,129,737,37,,1102,99,151,331,1259,53,,1893,2995
2012,Turkey,Izmir,*,*,*,18,,,18,,5,*,44,,,49,67
2012,Turkey,Izmit,,,,*,,,*,,,,*,,,*,*
2012,Turkey,K.Maras,14,17,20,52,*,,7292,9,18,14,75,*,,7729,15021
2012,Turkey,Karaman,7,14,16,55,*,,92,13,14,18,81,*,,126,218
2012,Turkey,Kars,29,40,25,87,*,,181,20,47,47,94,,,208,389
2012,Turkey,Kastamonu,18,37,29,128,6,,218,22,25,44,195,8,,294,512
2012,Turkey,Kayseri,45,83,68,614,49,,859,44,105,106,690,43,,988,1847
2012,Turkey,Kilis,,,,,,,6793,,,,6,,,7204,13997
2012,Turkey,Kirikkale,23,53,24,157,*,,257,29,46,37,211,11,,334,591
2012,Turkey,Kirklareli,,,5,13,*,,18,*,7,*,14,*,,21,39
2012,Turkey,Kirsehir,78,116,75,404,50,,723,87,131,87,543,33,,881,1604
2012,Turkey,Konya,35,50,44,219,8,,356,44,50,58,304,6,,462,818
2012,Turkey,Kutahya,33,52,56,197,5,,343,40,59,53,244,7,,403,746
2012,Turkey,Malatya,16,25,17,79,*,,137,14,26,32,128,7,,207,344
2012,Turkey,Manisa,,,,,,,,,,,*,,,*,*
2012,Turkey,Mardin,11,22,9,42,*,,84,6,26,17,63,*,,112,196
2012,Turkey,Mersin,33,45,31,158,7,,274,30,61,39,210,6,,346,620
2012,Turkey,Nevsehir,28,47,43,345,17,,480,41,60,97,501,18,,717,1197
2012,Turkey,Nigde,17,36,42,231,16,,342,19,43,30,304,18,,414,756
2012,Turkey,Osmaniye,,,,,,,4191,,,,,,,3578,7769
2012,Turkey,Sakarya,80,127,85,468,32,,792,110,166,123,621,34,,1054,1846
2012,Turkey,Siirt,6,8,9,30,,,53,*,5,17,31,*,,53,106
2012,Turkey,Sinop,,,,*,,,*,*,*,,*,,,*,*
2012,Turkey,Sirnak,*,7,*,14,,,21,*,*,5,27,,,32,53
2012,Turkey,Sivas,28,37,33,125,5,,228,19,53,43,171,7,,293,521
2012,Turkey,Tekirdag,,,,*,,,*,,,*,*,,,*,*
2012,Turkey,Tokat,12,27,21,105,12,,177,33,26,25,169,13,,266,443
2012,Turkey,Urfa,*,6,*,17,,,30832,7,12,9,32,,,35639,66471
2012,Turkey,Usak,7,10,8,35,*,,60,6,13,14,61,*,,94,154
2012,Turkey,Van,10,16,19,84,*,,129,10,24,57,136,*,,227,356
2012,Turkey,Yalova,39,56,34,244,21,,394,43,46,33,296,24,,442,836
2012,Turkey,Yozgat Camp,*,8,*,19,,,27,5,,7,*,,,12,39
2012,Turkey,Yozgat Urban,37,62,49,230,28,,406,23,56,72,236,33,,420,826
2012,Turkey,Dispersed in country,,,*,*,,,*,,,*,*,,,*,97301
2012,Turkmenistan,Ahal,,,,,,,90,,,,,,,89,179
2012,Turkmenistan,Ashgabat,,,,5,*,,70,,,,7,,,71,141
2012,Turkmenistan,Balkan,,,,,,,172,,,,,,,171,343
2012,Turkmenistan,Dashoguz,,,,,,,1755,,,,,,,1755,3510
2012,Turkmenistan,Lebap,,,,,,,1715,,,,,,,1714,3429
2012,Turkmenistan,Mary,,,,,,,338,,,,*,,,337,675
2012,Turkmenistan,Turkmenabat,,,*,8,,,8,,,,8,,,8,16
2012,Turkmenistan,Turkmenbashi,,,,5,*,,5,,,,*,*,,*,5
2012,Turkmenistan,Dispersed in country,,,,,,,341,,,,,,,341,682
2012,Turks and Caicos Islands,Dispersed in country,*,*,*,8,,,8,,,,10,,,10,18
2012,Uganda,Adjumani,712,1210,873,2025,145,,4965,723,1299,880,1351,61,,4314,9279
2012,Uganda,Kampala,3205,9220,13634,5213,169,,31441,3310,9483,17456,7642,144,,38035,69476
2012,Uganda,Kayaka II,1964,2166,1402,3385,276,,9193,1954,2150,1453,3041,264,,8862,18055
2012,Uganda,Kiryandongo,238,414,317,838,80,,1887,239,430,345,687,64,,1765,3652
2012,Uganda,Kyangwali,2302,3935,4217,304,*,,10758,2393,3976,3883,267,*,,10519,21277
2012,Uganda,Nakivale,5530,7713,4901,13228,603,,31975,5554,7750,5034,13423,637,,32398,64373
2012,Uganda,Oruchinga,536,730,379,1248,67,,2960,582,680,406,1089,72,,2829,5789
2012,Uganda,Rhino Camp,340,579,422,812,79,,2232,341,592,553,515,33,,2034,4266
2012,Uganda,Rwamanja,4122,3543,3379,3579,117,,14740,4081,3609,3406,3859,102,,15057,29797
2012,Ukraine,Dispersed in country,,,,,,,2120,,,,,,,5719,33714
2012,United Arab Emirates,Abu Dhabi,36,40,38,209,28,,351,29,53,43,218,28,,371,722
2012,United Kingdom of Great Britain and Northern Ireland,Dispersed in country,,,,,,,,,,,,,,,18916
2012,United Republic of Tanzania,Chogo,151,208,169,525,45,,1098,150,226,218,352,59,,1005,2103
2012,United Republic of Tanzania,Dar es Salaam,14,12,5,19,,,50,6,,11,69,,,86,136
2012,United Republic of Tanzania,Katumba,3623,7868,6291,14936,1352,,34070,3726,7749,5618,13859,1404,,32356,66426
2012,United Republic of Tanzania,Kigoma,1742,2103,2009,4554,367,,10775,1730,2279,1993,5028,422,,11452,22227
2012,United Republic of Tanzania,Mishamo,3563,6667,5110,11821,1091,,28252,3506,6722,4350,11391,1167,,27136,55388
2012,United Republic of Tanzania,National Milling Co-operation Transit Centre,*,12,*,13,,,25,9,8,8,19,*,,44,69
2012,United Republic of Tanzania,Nyarugusu,6507,7163,5524,15765,1099,,36058,6209,6493,5695,13122,555,,32074,68132
2012,United Republic of Tanzania,Pemba,6,,*,11,,,17,9,,,12,,,21,38
2012,United Republic of Tanzania,Ulyankulu,3042,6744,4123,10452,882,,25243,2886,6434,4408,9665,673,,24066,49309
2012,Uruguay,Montevideo,*,9,8,54,9,,80,*,7,10,108,11,,136,216
2012,Uzbekistan,Tashkent,*,10,11,49,5,,75,*,6,11,59,9,,85,160
2012,Uzbekistan,Termez,,,,*,,,*,,,,7,,,7,7
2012,Vanuatu,Port Vila,,,*,,,,*,,,,*,,,*,*
2012,Venezuela (Bolivarian Republic of),Amazonas,,,,*,,,1704,,,,*,,,1816,3520
2012,Venezuela (Bolivarian Republic of),Apure,12,18,16,34,*,,7439,15,18,15,39,5,,8007,15446
2012,Venezuela (Bolivarian Republic of),Caracas,7,,5,47,*,,59,9,5,5,131,*,,150,209
2012,Venezuela (Bolivarian Republic of),Tachira,28,26,27,52,*,,20249,22,31,31,75,*,,21720,41969
2012,Venezuela (Bolivarian Republic of),Zulia,15,15,20,47,*,,26783,18,22,17,58,*,,30076,56859
2012,Venezuela (Bolivarian Republic of),Dispersed in country,86,200,306,1077,48,,41457,106,240,319,1197,65,,45069,86526
2012,Viet Nam,Ho Chi Minh City,,,,,,,300,,,,,,,200,500
2012,Viet Nam,Dispersed in country,,,,,,,6500,,,,,,,4500,11000
2012,Yemen,Abyan,4221,9788,8055,37773,4304,,64141,4846,10507,8934,34440,3878,,62605,126746
2012,Yemen,Aden,1402,3010,2871,17436,995,,25714,1539,3048,3027,33488,894,,41996,67710
2012,Yemen,Al Jawf,838,3593,2264,5503,302,,12500,889,3879,2613,4477,342,,12200,24700
2012,Yemen,Al Kharaz,319,1787,1464,4929,122,,8621,1480,1820,1701,5281,144,,10426,19047
2012,Yemen,Al-Bayda,34,102,93,354,33,,616,42,95,88,337,27,,589,1205
2012,Yemen,Al-Maharah,9,23,20,92,9,,153,10,26,23,89,10,,158,311
2012,Yemen,Amran,1370,5880,3704,9005,496,,20455,1408,6144,4139,7091,543,,19325,39780
2012,Yemen,Dhamar,18,19,18,78,*,,133,17,16,16,47,*,,96,229
2012,Yemen,Hadramout,110,290,257,1151,115,,1923,119,307,275,1043,106,,1850,3773
2012,Yemen,Hajjah,4733,15656,9965,22646,1195,,54195,4474,16972,12563,20893,1556,,56458,110653
2012,Yemen,Hodeidah,20,40,41,109,24,,234,19,55,55,104,19,,252,486
2012,Yemen,Lahjj,360,952,844,3776,375,,6307,425,1096,981,3723,380,,6605,12912
2012,Yemen,Mahra,176,130,58,376,7,,747,177,126,66,957,15,,1341,2088
2012,Yemen,Mukalla,523,587,364,1778,93,,3345,492,552,332,3825,116,,5317,8662
2012,Yemen,Rada',29,18,17,56,5,,125,25,33,32,62,5,,157,282
2012,Yemen,Sa'dah,4540,15855,10130,22988,1202,,54715,4234,17234,12920,21310,1543,,57241,111956
2012,Yemen,Sana'a,4471,7976,4980,21015,1115,,39557,4781,8967,5560,22371,1133,,42812,82369
2012,Yemen,Shabwa,50,120,110,514,42,,836,50,120,109,503,36,,818,1654
2012,Yemen,Taiz,79,164,146,601,43,,1033,95,142,123,335,25,,720,1753
2012,Yemen,Dispersed in country,788,1400,6522,28077,118,,36905,649,751,3534,77472,220,,82626,119531
2012,Zambia,Lusaka,301,672,543,1942,57,,3515,304,610,511,2807,110,,4342,7857
2012,Zambia,Mayukwayukwa,798,1183,774,2118,151,,5024,802,1134,776,2053,328,,5093,10117
2012,Zambia,Meheba,1226,2154,1268,3565,315,,8528,1213,2138,1238,4161,430,,9180,17708
2012,Zambia,Dispersed in country,611,2081,1979,1259,49,,5979,569,2083,2471,1443,84,,6650,14714
2012,Zimbabwe,Harare,67,103,60,258,*,,488,79,93,77,355,5,,609,1097
2012,Zimbabwe,Tongogara,267,364,252,620,12,,1515,290,424,290,745,15,,1764,3279
