Country,country,population
Afghanistan,Iran (Islamic Republic of),37
Afghanistan,Pakistan,16147
Albania,China,10
Albania,Iraq,5
Albania,Serbia,54
Algeria,Cameroon,6
Algeria,Congo,7
Algeria,Côte d'Ivoire,23
Algeria,Democratic Republic of the Congo,39
Algeria,Iraq,15
Algeria,Palestinian,4020
Algeria,Western Sahara,90000
Angola,Burundi,18
Angola,Central African Republic,13
Angola,Chad,191
Angola,Congo,65
Angola,Côte d'Ivoire,407
Angola,Democratic Republic of the Congo,20740
Angola,Eritrea,6
Angola,Guinea,167
Angola,Guinea-Bissau,5
Angola,Liberia,160
Angola,Mauritania,235
Angola,Rwanda,452
Angola,Sierra Leone,413
Angola,Somalia,215
Angola,Sudan,281
Angola,United Republic of Tanzania,6
Angola,Western Sahara,27
Argentina,Various,548
Argentina,Albania,28
Argentina,Algeria,45
Argentina,Angola,13
Argentina,Armenia,126
Argentina,Bangladesh,7
Argentina,Bosnia and Herzegovina,6
Argentina,Burundi,5
Argentina,Cameroon,8
Argentina,Chile,336
Argentina,Colombia,497
Argentina,Congo,9
Argentina,Costa Rica,6
Argentina,Côte d'Ivoire,37
Argentina,Cuba,340
Argentina,Democratic Republic of the Congo,13
Argentina,Ecuador,15
Argentina,El Salvador,10
Argentina,Georgia,5
Argentina,Ghana,46
Argentina,Guinea,9
Argentina,Guinea-Bissau,19
Argentina,Haiti,58
Argentina,India,33
Argentina,Iran (Islamic Republic of),22
Argentina,Iraq,25
Argentina,Kazakhstan,22
Argentina,Liberia,69
Argentina,Mali,16
Argentina,Nigeria,52
Argentina,Pakistan,41
Argentina,Peru,582
Argentina,Romania,53
Argentina,Russian Federation,60
Argentina,Senegal,67
Argentina,Serbia,17
Argentina,Sierra Leone,53
Argentina,Somalia,5
Argentina,Sri Lanka,34
Argentina,Stateless,7
Argentina,Syrian Arab Republic,40
Argentina,Turkey,11
Argentina,Ukraine,18
Argentina,Yemen,15
Armenia,Azerbaijan,1716
Armenia,Côte d'Ivoire,6
Armenia,Georgia,8
Armenia,Iran (Islamic Republic of),21
Armenia,Iraq,943
Armenia,Lebanon,14
Armenia,Palestinian,5
Armenia,Syrian Arab Republic,136
Australia,Various,178
Australia,Afghanistan,7192
Australia,Albania,58
Australia,Algeria,11
Australia,Bahrain,74
Australia,Bangladesh,334
Australia,Belarus,6
Australia,Brazil,6
Australia,Burundi,28
Australia,Cambodia,23
Australia,Cameroon,52
Australia,China,2678
Australia,Colombia,118
Australia,Congo,16
Australia,Côte d'Ivoire,6
Australia,Democratic People's Republic of Korea,29
Australia,Democratic Republic of the Congo,30
Australia,Ecuador,5
Australia,Egypt,810
Australia,El Salvador,5
Australia,Eritrea,96
Australia,Ethiopia,189
Australia,Fiji,279
Australia,Georgia,6
Australia,Ghana,28
Australia,Guinea,8
Australia,India,196
Australia,Indonesia,233
Australia,Iran (Islamic Republic of),3949
Australia,Iraq,2821
Australia,Israel,36
Australia,Jordan,77
Australia,Kazakhstan,7
Australia,Kenya,55
Australia,Kuwait,39
Australia,Kyrgyzstan,11
Australia,Latvia,6
Australia,Lebanon,315
Australia,Liberia,16
Australia,Libya,127
Australia,Malaysia,69
Australia,Mongolia,49
Australia,Morocco,18
Australia,Mozambique,5
Australia,Myanmar,534
Australia,Nepal,196
Australia,Nigeria,116
Australia,Pakistan,1957
Australia,Palestinian,179
Australia,Papua New Guinea,172
Australia,Philippines,29
Australia,Republic of Korea,37
Australia,Romania,14
Australia,Russian Federation,83
Australia,Rwanda,27
Australia,Saudi Arabia,37
Australia,Senegal,5
Australia,Serbia,80
Australia,Sierra Leone,33
Australia,Solomon Islands,16
Australia,Somalia,66
Australia,South Africa,32
Australia,Sri Lanka,2866
Australia,Stateless,1433
Australia,Sudan,49
Australia,Syrian Arab Republic,204
Australia,Thailand,17
Australia,Timor-Leste,8
Australia,Tonga,11
Australia,Tunisia,10
Australia,Turkey,311
Australia,Uganda,43
Australia,Ukraine,26
Australia,United Republic of Tanzania,9
Australia,United States of America,9
Australia,Uzbekistan,30
Australia,Venezuela (Bolivarian Republic of),9
Australia,Viet Nam,88
Australia,Yemen,7
Australia,Zambia,6
Australia,Zimbabwe,953
Austria,Various,322
Austria,Afghanistan,10158
Austria,Albania,150
Austria,Algeria,50
Austria,Angola,173
Austria,Armenia,974
Austria,Azerbaijan,418
Austria,Bangladesh,93
Austria,Belarus,106
Austria,Benin,5
Austria,Bolivia (Plurinational State of),13
Austria,Bosnia and Herzegovina,219
Austria,Bulgaria,6
Austria,Burkina Faso,10
Austria,Burundi,21
Austria,Cameroon,221
Austria,China,328
Austria,Colombia,19
Austria,Congo,122
Austria,Côte d'Ivoire,60
Austria,Croatia,9
Austria,Cuba,25
Austria,Democratic Republic of the Congo,449
Austria,Egypt,82
Austria,Eritrea,88
Austria,Ethiopia,143
Austria,Gambia,90
Austria,Georgia,819
Austria,Ghana,37
Austria,Guatemala,5
Austria,Guinea,74
Austria,India,50
Austria,Iran (Islamic Republic of),2816
Austria,Iraq,2863
Austria,Jordan,10
Austria,Kazakhstan,50
Austria,Kenya,24
Austria,Kyrgyzstan,258
Austria,Lebanon,46
Austria,Liberia,27
Austria,Libya,6
Austria,Madagascar,5
Austria,Mali,5
Austria,Mauritania,7
Austria,Mongolia,176
Austria,Montenegro,13
Austria,Morocco,14
Austria,Myanmar,16
Austria,Nepal,40
Austria,Nigeria,315
Austria,Pakistan,94
Austria,Philippines,9
Austria,Republic of Moldova,145
Austria,Romania,37
Austria,Russian Federation,19517
Austria,Rwanda,40
Austria,Senegal,7
Austria,Serbia,3165
Austria,Sierra Leone,36
Austria,Somalia,1915
Austria,South Africa,5
Austria,Sri Lanka,30
Austria,Stateless,625
Austria,Sudan,250
Austria,Syrian Arab Republic,1675
Austria,Tajikistan,59
Austria,The former Yugoslav Republic of Macedonia,168
Austria,Togo,27
Austria,Tunisia,9
Austria,Turkey,1309
Austria,Turkmenistan,14
Austria,Uganda,17
Austria,Ukraine,309
Austria,Uzbekistan,134
Austria,Viet Nam,37
Austria,Yemen,12
Austria,Zimbabwe,22
Azerbaijan,Afghanistan,576
Azerbaijan,Armenia,5
Azerbaijan,Iran (Islamic Republic of),78
Azerbaijan,Iraq,12
Azerbaijan,Pakistan,5
Azerbaijan,Palestinian,5
Azerbaijan,Russian Federation,781
Bahamas,Cuba,36
Bahrain,Iraq,289
Bangladesh,Myanmar,230674
Bangladesh,Somalia,12
Belarus,Afghanistan,409
Belarus,Azerbaijan,18
Belarus,Ethiopia,10
Belarus,Georgia,92
Belarus,Iran (Islamic Republic of),16
Belarus,Pakistan,5
Belarus,Palestinian,5
Belarus,Tajikistan,12
Belgium,Various,6305
Belgium,Afghanistan,1267
Belgium,Albania,318
Belgium,Algeria,33
Belgium,Angola,101
Belgium,Armenia,99
Belgium,Azerbaijan,20
Belgium,Bangladesh,9
Belgium,Belarus,45
Belgium,Benin,9
Belgium,Bosnia and Herzegovina,46
Belgium,Bulgaria,19
Belgium,Burkina Faso,48
Belgium,Burundi,290
Belgium,Cambodia,13
Belgium,Cameroon,345
Belgium,Central African Republic,15
Belgium,Chad,48
Belgium,Chile,56
Belgium,China,866
Belgium,Colombia,39
Belgium,Congo,31
Belgium,Côte d'Ivoire,155
Belgium,Croatia,7
Belgium,Czech Republic,9
Belgium,Democratic People's Republic of Korea,61
Belgium,Democratic Republic of the Congo,677
Belgium,Djibouti,94
Belgium,Egypt,18
Belgium,Eritrea,62
Belgium,Ethiopia,85
Belgium,Gabon,10
Belgium,Georgia,26
Belgium,Ghana,15
Belgium,Guatemala,5
Belgium,Guinea,1938
Belgium,Guinea-Bissau,9
Belgium,Hungary,75
Belgium,India,10
Belgium,Iran (Islamic Republic of),411
Belgium,Iraq,1541
Belgium,Israel,5
Belgium,Jordan,21
Belgium,Kazakhstan,17
Belgium,Kenya,28
Belgium,Kyrgyzstan,33
Belgium,Lao People's Democratic Republic,16
Belgium,Lebanon,87
Belgium,Liberia,22
Belgium,Libya,9
Belgium,Lithuania,13
Belgium,Mali,11
Belgium,Mauritania,156
Belgium,Morocco,18
Belgium,Myanmar,17
Belgium,Nepal,13
Belgium,Niger,50
Belgium,Nigeria,19
Belgium,Pakistan,39
Belgium,Palestinian,130
Belgium,Poland,220
Belgium,Romania,38
Belgium,Russian Federation,2661
Belgium,Rwanda,966
Belgium,Senegal,209
Belgium,Sierra Leone,34
Belgium,Somalia,288
Belgium,Sri Lanka,302
Belgium,Sudan,64
Belgium,Syrian Arab Republic,355
Belgium,The former Yugoslav Republic of Macedonia,45
Belgium,Togo,115
Belgium,Tunisia,11
Belgium,Turkey,514
Belgium,Uganda,19
Belgium,Ukraine,85
Belgium,United Republic of Tanzania,43
Belgium,Uzbekistan,18
Belgium,Viet Nam,48
Belize,El Salvador,27
Benin,Burundi,14
Benin,Chad,80
Benin,Congo,140
Benin,Côte d'Ivoire,201
Benin,Democratic Republic of the Congo,190
Benin,Eritrea,7
Benin,Nigeria,43
Benin,Rwanda,87
Benin,Togo,4188
Bolivia (Plurinational State of),Chile,8
Bolivia (Plurinational State of),Colombia,168
Bolivia (Plurinational State of),Cuba,9
Bolivia (Plurinational State of),Iraq,16
Bolivia (Plurinational State of),Peru,511
Bolivia (Plurinational State of),Russian Federation,5
Bosnia and Herzegovina,Croatia,6733
Bosnia and Herzegovina,Serbia,146
Bosnia and Herzegovina,Syrian Arab Republic,5
Botswana,Burundi,67
Botswana,Democratic Republic of the Congo,194
Botswana,Ethiopia,12
Botswana,Namibia,998
Botswana,Rwanda,67
Botswana,Somalia,445
Botswana,Sudan,8
Botswana,Uganda,27
Botswana,Zimbabwe,961
Brazil,Afghanistan,28
Brazil,Algeria,7
Brazil,Angola,1684
Brazil,Argentina,11
Brazil,Bhutan,20
Brazil,Bolivia (Plurinational State of),127
Brazil,Burundi,33
Brazil,Cameroon,6
Brazil,Chile,21
Brazil,Colombia,742
Brazil,Congo,8
Brazil,Côte d'Ivoire,25
Brazil,Croatia,5
Brazil,Cuba,134
Brazil,Democratic Republic of the Congo,510
Brazil,Ecuador,27
Brazil,Eritrea,21
Brazil,Ethiopia,20
Brazil,Georgia,10
Brazil,Ghana,9
Brazil,Guinea,6
Brazil,Guinea-Bissau,10
Brazil,Iran (Islamic Republic of),35
Brazil,Iraq,214
Brazil,Lebanon,29
Brazil,Liberia,247
Brazil,Nigeria,37
Brazil,Pakistan,28
Brazil,Palestinian,117
Brazil,Paraguay,7
Brazil,Peru,45
Brazil,Russian Federation,9
Brazil,Rwanda,18
Brazil,Serbia,77
Brazil,Sierra Leone,136
Brazil,Somalia,43
Brazil,Sri Lanka,5
Brazil,Stateless,5
Brazil,Sudan,42
Brazil,Syrian Arab Republic,42
Brazil,The former Yugoslav Republic of Macedonia,6
Brazil,United Republic of Tanzania,5
Bulgaria,Afghanistan,368
Bulgaria,Albania,5
Bulgaria,Armenia,34
Bulgaria,Bangladesh,11
Bulgaria,Congo,6
Bulgaria,Cuba,5
Bulgaria,Ethiopia,9
Bulgaria,Georgia,6
Bulgaria,Iran (Islamic Republic of),89
Bulgaria,Iraq,1359
Bulgaria,Lebanon,7
Bulgaria,Nigeria,10
Bulgaria,Russian Federation,9
Bulgaria,Somalia,93
Bulgaria,Stateless,83
Bulgaria,Sudan,29
Bulgaria,Syrian Arab Republic,97
Bulgaria,Tunisia,5
Bulgaria,Turkey,23
Burkina Faso,Burundi,61
Burkina Faso,Cameroon,9
Burkina Faso,Chad,182
Burkina Faso,Congo,94
Burkina Faso,Côte d'Ivoire,12
Burkina Faso,Democratic Republic of the Congo,46
Burkina Faso,Mali,38776
Burkina Faso,Rwanda,78
Burkina Faso,Sudan,7
Burkina Faso,Togo,29
Burkina Faso,Viet Nam,5
Burundi,Benin,6
Burundi,Democratic Republic of the Congo,41349
Burundi,Mauritania,8
Burundi,Rwanda,428
Burundi,Somalia,20
Cambodia,Myanmar,21
Cambodia,Pakistan,8
Cambodia,Somalia,8
Cambodia,Sri Lanka,5
Cambodia,Viet Nam,33
Cameroon,Angola,12
Cameroon,Burundi,67
Cameroon,Cambodia,5
Cameroon,Central African Republic,92094
Cameroon,Chad,1972
Cameroon,Congo,65
Cameroon,Côte d'Ivoire,108
Cameroon,Democratic Republic of the Congo,456
Cameroon,Equatorial Guinea,8
Cameroon,Eritrea,5
Cameroon,Guinea,10
Cameroon,Liberia,21
Cameroon,Mauritania,5
Cameroon,Nigeria,3223
Cameroon,Rwanda,830
Cameroon,Sudan,65
Cameroon,Togo,10
Canada,Various,87
Canada,Afghanistan,2609
Canada,Albania,1764
Canada,Algeria,513
Canada,Angola,753
Canada,Antigua and Barbuda,40
Canada,Argentina,258
Canada,Armenia,200
Canada,Australia,6
Canada,Azerbaijan,598
Canada,Bahamas,15
Canada,Bahrain,5
Canada,Bangladesh,1917
Canada,Barbados,50
Canada,Belarus,300
Canada,Belgium,17
Canada,Belize,6
Canada,Benin,56
Canada,Bhutan,19
Canada,Bolivia (Plurinational State of),160
Canada,Bosnia and Herzegovina,91
Canada,Botswana,109
Canada,Brazil,175
Canada,Bulgaria,928
Canada,Burkina Faso,141
Canada,Burundi,2315
Canada,Cambodia,176
Canada,Cameroon,864
Canada,Central African Republic,63
Canada,Chad,543
Canada,Chile,124
Canada,China,16813
Canada,Colombia,17563
Canada,Congo,287
Canada,Costa Rica,282
Canada,Côte d'Ivoire,420
Canada,Croatia,57
Canada,Cuba,1708
Canada,Czech Republic,222
Canada,Democratic People's Republic of Korea,119
Canada,Democratic Republic of the Congo,4211
Canada,Denmark,6
Canada,Djibouti,233
Canada,Dominica,41
Canada,Dominican Republic,148
Canada,Ecuador,216
Canada,Egypt,597
Canada,El Salvador,1122
Canada,Equatorial Guinea,12
Canada,Eritrea,1547
Canada,Estonia,12
Canada,Ethiopia,2059
Canada,Fiji,395
Canada,France,40
Canada,Gabon,55
Canada,Gambia,59
Canada,Georgia,504
Canada,Germany,89
Canada,Ghana,356
Canada,Greece,14
Canada,Grenada,292
Canada,Guatemala,770
Canada,Guinea,914
Canada,Guinea-Bissau,24
Canada,Guyana,638
Canada,Haiti,6798
Canada,Honduras,596
Canada,"Hong Kong SAR, China",12
Canada,Hungary,766
Canada,India,5287
Canada,Indonesia,351
Canada,Iran (Islamic Republic of),3212
Canada,Iraq,1745
Canada,Ireland,7
Canada,Israel,673
Canada,Italy,15
Canada,Jamaica,504
Canada,Japan,20
Canada,Jordan,402
Canada,Kazakhstan,149
Canada,Kenya,996
Canada,Kuwait,64
Canada,Kyrgyzstan,128
Canada,Lao People's Democratic Republic,6
Canada,Latvia,44
Canada,Lebanon,1104
Canada,Lesotho,5
Canada,Liberia,120
Canada,Libya,241
Canada,Lithuania,103
Canada,Madagascar,10
Canada,Malawi,23
Canada,Malaysia,214
Canada,Mali,99
Canada,Mauritania,299
Canada,Mauritius,6
Canada,Mexico,5995
Canada,Mongolia,127
Canada,Montenegro,14
Canada,Morocco,169
Canada,Mozambique,6
Canada,Myanmar,276
Canada,Namibia,38
Canada,Nepal,1128
Canada,Netherlands,34
Canada,Nicaragua,138
Canada,Niger,69
Canada,Nigeria,3990
Canada,Oman,12
Canada,Pakistan,11605
Canada,Palestinian,674
Canada,Panama,47
Canada,Paraguay,48
Canada,Peru,1905
Canada,Philippines,322
Canada,Poland,359
Canada,Portugal,12
Canada,Republic of Korea,282
Canada,Republic of Moldova,187
Canada,Romania,690
Canada,Russian Federation,1756
Canada,Rwanda,1654
Canada,Saint Kitts and Nevis,10
Canada,Saint Lucia,551
Canada,Saint Vincent and the Grenadines,1305
Canada,Saudi Arabia,131
Canada,Senegal,183
Canada,Serbia,400
Canada,Seychelles,10
Canada,Sierra Leone,206
Canada,Singapore,27
Canada,Slovakia,22
Canada,Slovenia,9
Canada,Solomon Islands,39
Canada,Somalia,3459
Canada,South Africa,35
Canada,Spain,16
Canada,Sri Lanka,13705
Canada,Stateless,1738
Canada,Sudan,1100
Canada,Suriname,9
Canada,Swaziland,39
Canada,Switzerland,11
Canada,Syrian Arab Republic,533
Canada,Tajikistan,50
Canada,Thailand,35
Canada,The former Yugoslav Republic of Macedonia,97
Canada,Togo,251
Canada,Trinidad and Tobago,241
Canada,Tunisia,204
Canada,Turkey,3838
Canada,Turkmenistan,18
Canada,Uganda,809
Canada,Ukraine,1737
Canada,United Arab Emirates,28
Canada,United Kingdom of Great Britain and Northern Ireland,69
Canada,United Republic of Tanzania,513
Canada,United States of America,4045
Canada,Uruguay,139
Canada,Uzbekistan,274
Canada,Venezuela (Bolivarian Republic of),797
Canada,Viet Nam,148
Canada,Yemen,240
Canada,Zambia,56
Canada,Zimbabwe,4341
Central African Republic,Angola,9
Central African Republic,Burundi,23
Central African Republic,Chad,861
Central African Republic,Congo,13
Central African Republic,Côte d'Ivoire,11
Central African Republic,Democratic Republic of the Congo,10662
Central African Republic,Guinea,5
Central African Republic,Liberia,10
Central African Republic,Rwanda,231
Central African Republic,Sierra Leone,6
Central African Republic,Sudan,2174
Chad,Cameroon,5
Chad,Central African Republic,65874
Chad,Congo,6
Chad,Côte d'Ivoire,6
Chad,Democratic Republic of the Congo,262
Chad,Eritrea,35
Chad,Libya,500
Chad,Rwanda,15
Chad,Somalia,12
Chad,Sudan,306960
Chile,Various,443
Chile,Afghanistan,12
Chile,Colombia,942
Chile,Cuba,18
Chile,Democratic Republic of the Congo,5
Chile,Ecuador,18
Chile,Palestinian,116
Chile,Peru,117
Chile,Sri Lanka,6
China,Afghanistan,7
China,Iraq,23
China,Pakistan,52
China,Palestinian,5
China,Somalia,48
China,Viet Nam,300897
Colombia,Angola,5
Colombia,Cuba,60
Colombia,Ecuador,5
Colombia,El Salvador,7
Colombia,Ethiopia,16
Colombia,Hungary,7
Colombia,Nicaragua,24
Colombia,Peru,8
Colombia,Romania,7
Colombia,Serbia,7
Colombia,Sierra Leone,5
Colombia,Somalia,11
Colombia,Venezuela (Bolivarian Republic of),17
Congo,Angola,322
Congo,Burundi,95
Congo,Central African Republic,116
Congo,Chad,36
Congo,Côte d'Ivoire,5
Congo,Democratic Republic of the Congo,89424
Congo,Mauritania,7
Congo,Rwanda,8404
Congo,Sudan,32
Costa Rica,Various,7820
Costa Rica,Belarus,8
Costa Rica,Bolivia (Plurinational State of),8
Costa Rica,Bulgaria,13
Costa Rica,Colombia,10305
Costa Rica,Cuba,818
Costa Rica,Dominican Republic,6
Costa Rica,El Salvador,114
Costa Rica,Georgia,15
Costa Rica,Guatemala,36
Costa Rica,Haiti,38
Costa Rica,Honduras,44
Costa Rica,India,7
Costa Rica,Iran (Islamic Republic of),5
Costa Rica,Israel,16
Costa Rica,Mexico,8
Costa Rica,Nicaragua,599
Costa Rica,Nigeria,18
Costa Rica,Panama,18
Costa Rica,Peru,228
Costa Rica,Russian Federation,21
Costa Rica,Somalia,15
Costa Rica,Ukraine,18
Costa Rica,Uzbekistan,7
Costa Rica,Venezuela (Bolivarian Republic of),220
Côte d'Ivoire,Afghanistan,13
Côte d'Ivoire,Angola,5
Côte d'Ivoire,Burundi,33
Côte d'Ivoire,Cambodia,24
Côte d'Ivoire,Central African Republic,15
Côte d'Ivoire,Chad,17
Côte d'Ivoire,Congo,148
Côte d'Ivoire,Democratic Republic of the Congo,152
Côte d'Ivoire,Iran (Islamic Republic of),6
Côte d'Ivoire,Liberia,3424
Côte d'Ivoire,Nigeria,18
Côte d'Ivoire,Rwanda,67
Côte d'Ivoire,Togo,27
Côte d'Ivoire,Viet Nam,8
Croatia,Afghanistan,19
Croatia,Bosnia and Herzegovina,439
Croatia,Russian Federation,10
Croatia,Serbia,211
Croatia,Syrian Arab Republic,12
Croatia,Turkey,6
Croatia,Ukraine,5
Cuba,Eritrea,8
Cuba,Syrian Arab Republic,11
Cuba,Western Sahara,347
Curacao,Colombia,6
Curacao,Jamaica,7
Cyprus,Afghanistan,7
Cyprus,Armenia,23
Cyprus,Bosnia and Herzegovina,15
Cyprus,Cameroon,8
Cyprus,Democratic Republic of the Congo,12
Cyprus,Egypt,58
Cyprus,Georgia,85
Cyprus,Iran (Islamic Republic of),444
Cyprus,Iraq,644
Cyprus,Jordan,16
Cyprus,Lebanon,32
Cyprus,Pakistan,16
Cyprus,Palestinian,1711
Cyprus,Philippines,8
Cyprus,Republic of Moldova,14
Cyprus,Russian Federation,58
Cyprus,Serbia,56
Cyprus,Sierra Leone,14
Cyprus,Somalia,9
Cyprus,Sri Lanka,22
Cyprus,Sudan,5
Cyprus,Syrian Arab Republic,139
Cyprus,Turkey,158
Cyprus,Ukraine,28
Czech Republic,Various,8
Czech Republic,Afghanistan,241
Czech Republic,Albania,17
Czech Republic,Angola,23
Czech Republic,Armenia,64
Czech Republic,Azerbaijan,23
Czech Republic,Belarus,302
Czech Republic,Bosnia and Herzegovina,11
Czech Republic,Bulgaria,26
Czech Republic,Cameroon,5
Czech Republic,China,9
Czech Republic,Cuba,109
Czech Republic,Democratic Republic of the Congo,48
Czech Republic,Eritrea,12
Czech Republic,Ethiopia,10
Czech Republic,Georgia,32
Czech Republic,Ghana,11
Czech Republic,Guinea,5
Czech Republic,Iran (Islamic Republic of),39
Czech Republic,Iraq,159
Czech Republic,Kazakhstan,193
Czech Republic,Kyrgyzstan,40
Czech Republic,Myanmar,127
Czech Republic,Nigeria,18
Czech Republic,Pakistan,23
Czech Republic,Republic of Moldova,20
Czech Republic,Romania,123
Czech Republic,Russian Federation,441
Czech Republic,Serbia,53
Czech Republic,Sierra Leone,5
Czech Republic,Somalia,30
Czech Republic,Sri Lanka,14
Czech Republic,Stateless,150
Czech Republic,Sudan,21
Czech Republic,Syrian Arab Republic,54
Czech Republic,Turkey,20
Czech Republic,Turkmenistan,5
Czech Republic,Ukraine,105
Czech Republic,Uzbekistan,94
Czech Republic,Viet Nam,65
Democratic Republic of the Congo,Burundi,9368
Democratic Republic of the Congo,Cameroon,7
Democratic Republic of the Congo,Central African Republic,1691
Democratic Republic of the Congo,Congo,732
Democratic Republic of the Congo,Guinea,7
Democratic Republic of the Congo,Liberia,6
Democratic Republic of the Congo,Rwanda,50736
Democratic Republic of the Congo,Somalia,29
Democratic Republic of the Congo,Sudan,2505
Democratic Republic of the Congo,Uganda,20
Denmark,Various,397
Denmark,Afghanistan,2515
Denmark,Albania,45
Denmark,Algeria,9
Denmark,Angola,5
Denmark,Armenia,62
Denmark,Azerbaijan,98
Denmark,Bangladesh,9
Denmark,Belarus,15
Denmark,Bhutan,5
Denmark,Bosnia and Herzegovina,143
Denmark,Burundi,47
Denmark,Cameroon,6
Denmark,China,44
Denmark,Côte d'Ivoire,9
Denmark,Democratic People's Republic of Korea,9
Denmark,Democratic Republic of the Congo,71
Denmark,Eritrea,46
Denmark,Ethiopia,18
Denmark,Georgia,20
Denmark,India,25
Denmark,Iran (Islamic Republic of),1529
Denmark,Iraq,1165
Denmark,Jordan,14
Denmark,Kenya,8
Denmark,Kyrgyzstan,5
Denmark,Lebanon,56
Denmark,Libya,27
Denmark,Morocco,5
Denmark,Myanmar,57
Denmark,Nepal,8
Denmark,Nigeria,13
Denmark,Pakistan,36
Denmark,Palestinian,269
Denmark,Romania,5
Denmark,Russian Federation,842
Denmark,Rwanda,38
Denmark,Serbia,1192
Denmark,Somalia,531
Denmark,Sri Lanka,71
Denmark,Stateless,244
Denmark,Sudan,68
Denmark,Syrian Arab Republic,1903
Denmark,The former Yugoslav Republic of Macedonia,15
Denmark,Turkey,23
Denmark,Uganda,13
Denmark,Ukraine,9
Denmark,Uzbekistan,8
Denmark,Viet Nam,16
Denmark,Zimbabwe,9
Djibouti,Eritrea,292
Djibouti,Ethiopia,535
Djibouti,Kenya,9
Djibouti,Somalia,18289
Djibouti,Sudan,6
Dominican Republic,Haiti,750
Dominican Republic,Syrian Arab Republic,7
Ecuador,Various,19
Ecuador,Afghanistan,113
Ecuador,Albania,6
Ecuador,Chile,5
Ecuador,China,12
Ecuador,Colombia,122964
Ecuador,Cuba,230
Ecuador,El Salvador,5
Ecuador,Eritrea,11
Ecuador,Guinea,9
Ecuador,Haiti,27
Ecuador,Iran (Islamic Republic of),26
Ecuador,Iraq,36
Ecuador,Lebanon,6
Ecuador,Liberia,6
Ecuador,Nepal,5
Ecuador,Nigeria,25
Ecuador,Pakistan,29
Ecuador,Palestinian,9
Ecuador,Peru,94
Ecuador,Russian Federation,31
Ecuador,Serbia,14
Ecuador,Somalia,7
Ecuador,Sri Lanka,15
Ecuador,Sudan,5
Ecuador,Syrian Arab Republic,11
Ecuador,United States of America,6
Ecuador,Venezuela (Bolivarian Republic of),7
Ecuador,Western Sahara,5
Ecuador,Zimbabwe,5
Egypt,Burundi,42
Egypt,Chad,36
Egypt,Congo,5
Egypt,Côte d'Ivoire,305
Egypt,Democratic Republic of the Congo,43
Egypt,Eritrea,1182
Egypt,Ethiopia,863
Egypt,Guinea,7
Egypt,Iraq,5703
Egypt,Kenya,5
Egypt,Liberia,5
Egypt,Libya,5
Egypt,Mali,6
Egypt,Palestinian,70028
Egypt,Russian Federation,11
Egypt,Rwanda,15
Egypt,Serbia,8
Egypt,Somalia,6250
Egypt,South Sudan,178
Egypt,Sudan,12124
Egypt,Syrian Arab Republic,12836
Egypt,Tajikistan,9
Egypt,Uganda,15
Egypt,Yemen,207
Egypt,Zimbabwe,10
El Salvador,Honduras,13
El Salvador,Nicaragua,25
Eritrea,Ethiopia,73
Eritrea,Somalia,3440
Eritrea,South Sudan,25
Eritrea,Sudan,62
Estonia,Afghanistan,14
Estonia,Belarus,6
Estonia,Russian Federation,11
Estonia,Sri Lanka,7
Ethiopia,Burundi,66
Ethiopia,Democratic Republic of the Congo,582
Ethiopia,Djibouti,74
Ethiopia,Eritrea,63771
Ethiopia,Kenya,2894
Ethiopia,Rwanda,12
Ethiopia,Somalia,223031
Ethiopia,South Sudan,58715
Ethiopia,Sudan,27175
Ethiopia,Uganda,20
Ethiopia,Yemen,43
Finland,Various,95
Finland,Afghanistan,1137
Finland,Albania,12
Finland,Algeria,26
Finland,Angola,223
Finland,Armenia,5
Finland,Azerbaijan,44
Finland,Bangladesh,26
Finland,Belarus,19
Finland,Bosnia and Herzegovina,63
Finland,Cameroon,51
Finland,China,82
Finland,Congo,15
Finland,Côte d'Ivoire,10
Finland,Croatia,10
Finland,Cuba,7
Finland,Democratic Republic of the Congo,193
Finland,Eritrea,16
Finland,Ethiopia,66
Finland,Gambia,16
Finland,Ghana,33
Finland,Guinea,19
Finland,India,11
Finland,Iran (Islamic Republic of),431
Finland,Iraq,2797
Finland,Jordan,6
Finland,Kazakhstan,9
Finland,Kyrgyzstan,13
Finland,Latvia,7
Finland,Lebanon,11
Finland,Libya,14
Finland,Mauritania,5
Finland,Morocco,12
Finland,Myanmar,16
Finland,Nepal,8
Finland,Nigeria,95
Finland,Pakistan,21
Finland,Russian Federation,598
Finland,Rwanda,24
Finland,Serbia,322
Finland,Sierra Leone,16
Finland,Somalia,2571
Finland,Sri Lanka,102
Finland,Stateless,110
Finland,Sudan,10
Finland,Syrian Arab Republic,218
Finland,Tajikistan,10
Finland,The former Yugoslav Republic of Macedonia,9
Finland,Togo,6
Finland,Turkey,198
Finland,Uganda,5
Finland,Ukraine,8
Finland,Uzbekistan,14
Finland,Venezuela (Bolivarian Republic of),5
Finland,Yemen,5
France,Various,42289
France,Afghanistan,2590
France,Albania,1762
France,Algeria,1264
France,Angola,3258
France,Argentina,5
France,Armenia,3633
France,Azerbaijan,2567
France,Bangladesh,2834
France,Belarus,471
France,Benin,21
France,Bhutan,79
France,Bolivia (Plurinational State of),40
France,Bosnia and Herzegovina,4118
France,Brazil,8
France,Bulgaria,78
France,Burkina Faso,86
France,Burundi,348
France,Cambodia,12666
France,Cameroon,744
France,Central African Republic,593
France,Chad,1150
France,Chile,75
France,China,1569
France,Colombia,476
France,Comoros,408
France,Congo,3318
France,Côte d'Ivoire,2204
France,Croatia,77
France,Cuba,122
France,Czech Republic,29
France,Democratic Republic of the Congo,12585
France,Djibouti,112
France,Dominican Republic,8
France,Ecuador,32
France,Egypt,286
France,El Salvador,20
France,Equatorial Guinea,31
France,Eritrea,1316
France,Estonia,10
France,Ethiopia,559
France,Gabon,27
France,Gambia,120
France,Georgia,2391
France,Germany,10
France,Ghana,551
France,Guatemala,17
France,Guinea,4111
France,Guinea-Bissau,925
France,Guyana,5
France,Haiti,3710
France,Hungary,63
France,India,199
France,Indonesia,7
France,Iran (Islamic Republic of),2172
France,Iraq,2620
France,Jamaica,6
France,Jordan,12
France,Kazakhstan,411
France,Kenya,48
France,Kuwait,5
France,Kyrgyzstan,216
France,Lao People's Democratic Republic,7335
France,Latvia,44
France,Lebanon,103
France,Liberia,227
France,Libya,25
France,Lithuania,13
France,Madagascar,239
France,Malaysia,7
France,Mali,3428
France,Mauritania,4899
France,Mauritius,5
France,Mexico,8
France,Mongolia,325
France,Montenegro,56
France,Morocco,164
France,Mozambique,12
France,Myanmar,193
France,Nepal,77
France,Niger,50
France,Nigeria,889
France,Pakistan,547
France,Palestinian,252
France,Paraguay,5
France,Peru,288
France,Poland,173
France,Republic of Moldova,380
France,Romania,170
France,Russian Federation,11767
France,Rwanda,2723
France,Senegal,551
France,Serbia,11506
France,Sierra Leone,443
France,Slovakia,126
France,Somalia,1489
France,South Africa,18
France,Sri Lanka,23225
France,Sudan,2180
France,Syrian Arab Republic,640
France,Tajikistan,28
France,The former Yugoslav Republic of Macedonia,300
France,Togo,711
France,Tunisia,178
France,Turkey,10887
France,Turkmenistan,10
France,Uganda,61
France,Ukraine,719
France,Uzbekistan,206
France,Venezuela (Bolivarian Republic of),7
France,Viet Nam,8605
France,Western Sahara,52
France,Yemen,17
France,Zimbabwe,35
Gabon,Angola,70
Gabon,Burundi,33
Gabon,Chad,994
Gabon,Congo,317
Gabon,Democratic Republic of the Congo,79
Gabon,Equatorial Guinea,12
Gabon,Liberia,7
Gabon,Mauritania,15
Gabon,Rwanda,52
Gabon,Sao Tome and Principe,31
Gabon,Sierra Leone,12
Gabon,Sudan,6
Gabon,Togo,13
Gambia,Côte d'Ivoire,299
Gambia,Democratic Republic of the Congo,14
Gambia,Iraq,6
Gambia,Liberia,325
Gambia,Senegal,9042
Gambia,Sierra Leone,134
Gambia,Somalia,5
Gambia,Togo,21
Georgia,Iraq,20
Georgia,Russian Federation,293
Georgia,Syrian Arab Republic,141
Germany,Various,13338
Germany,Afghanistan,31746
Germany,Albania,2201
Germany,Algeria,2198
Germany,Angola,3041
Germany,Argentina,38
Germany,Armenia,4419
Germany,Australia,36
Germany,Azerbaijan,6575
Germany,Bahrain,49
Germany,Bangladesh,913
Germany,Belarus,1989
Germany,Belgium,7
Germany,Benin,183
Germany,Bhutan,74
Germany,Bolivia (Plurinational State of),26
Germany,Bosnia and Herzegovina,23460
Germany,Brazil,163
Germany,Bulgaria,181
Germany,Burkina Faso,197
Germany,Burundi,105
Germany,Cambodia,164
Germany,Cameroon,1244
Germany,Canada,53
Germany,Central African Republic,12
Germany,Chad,44
Germany,Chile,396
Germany,China,3815
Germany,Colombia,241
Germany,Comoros,11
Germany,Congo,518
Germany,Costa Rica,12
Germany,Côte d'Ivoire,491
Germany,Croatia,4614
Germany,Cuba,364
Germany,Czech Republic,165
Germany,Democratic People's Republic of Korea,138
Germany,Democratic Republic of the Congo,5206
Germany,Dominican Republic,42
Germany,Ecuador,133
Germany,Egypt,860
Germany,El Salvador,19
Germany,Equatorial Guinea,26
Germany,Eritrea,4836
Germany,Estonia,78
Germany,Ethiopia,4538
Germany,France,7
Germany,Gabon,11
Germany,Gambia,502
Germany,Georgia,2202
Germany,Ghana,4323
Germany,Guatemala,6
Germany,Guinea,756
Germany,Guinea-Bissau,39
Germany,Haiti,45
Germany,Honduras,24
Germany,Hungary,121
Germany,India,2796
Germany,Indonesia,130
Germany,Iran (Islamic Republic of),21629
Germany,Iraq,49829
Germany,Israel,325
Germany,Italy,11
Germany,Jamaica,13
Germany,Japan,136
Germany,Jordan,847
Germany,Kazakhstan,1627
Germany,Kenya,365
Germany,Kuwait,267
Germany,Kyrgyzstan,1509
Germany,Lao People's Democratic Republic,174
Germany,Latvia,414
Germany,Lebanon,11819
Germany,Liberia,284
Germany,Libya,2280
Germany,Lithuania,244
Germany,Madagascar,13
Germany,Malaysia,33
Germany,Mali,86
Germany,Mauritania,49
Germany,Mexico,42
Germany,Mongolia,215
Germany,Montenegro,3762
Germany,Morocco,1454
Germany,Mozambique,109
Germany,Myanmar,813
Germany,Namibia,10
Germany,Nepal,349
Germany,Netherlands,13
Germany,New Zealand,14
Germany,Nicaragua,5
Germany,Niger,212
Germany,Nigeria,2833
Germany,Oman,45
Germany,Pakistan,6943
Germany,Paraguay,8
Germany,Peru,195
Germany,Philippines,249
Germany,Poland,737
Germany,Qatar,109
Germany,Republic of Korea,187
Germany,Republic of Moldova,3988
Germany,Romania,492
Germany,Russian Federation,40204
Germany,Rwanda,217
Germany,Saudi Arabia,394
Germany,Senegal,154
Germany,Serbia,113809
Germany,Sierra Leone,749
Germany,Singapore,9
Germany,Slovakia,27
Germany,Slovenia,12
Germany,Somalia,3634
Germany,South Africa,49
Germany,South Sudan,6
Germany,Spain,10
Germany,Sri Lanka,11672
Germany,Stateless,5359
Germany,Sudan,575
Germany,Syrian Arab Republic,18165
Germany,Tajikistan,146
Germany,Thailand,210
Germany,The former Yugoslav Republic of Macedonia,6175
Germany,Togo,3905
Germany,Tunisia,747
Germany,Turkey,90773
Germany,Turkmenistan,195
Germany,Uganda,272
Germany,Ukraine,20059
Germany,United Arab Emirates,510
Germany,United Kingdom of Great Britain and Northern Ireland,7
Germany,United Republic of Tanzania,33
Germany,United States of America,350
Germany,Uruguay,9
Germany,Uzbekistan,2200
Germany,Venezuela (Bolivarian Republic of),30
Germany,Viet Nam,23799
Germany,Yemen,481
Germany,Zambia,16
Germany,Zimbabwe,59
Ghana,Cameroon,5
Ghana,Chad,5
Ghana,Congo,11
Ghana,Côte d'Ivoire,8699
Ghana,Democratic Republic of the Congo,27
Ghana,Liberia,5156
Ghana,Rwanda,26
Ghana,Sierra Leone,153
Ghana,Somalia,21
Ghana,Sudan,202
Ghana,Togo,1702
Greece,Various,116
Greece,Afghanistan,343
Greece,Albania,13
Greece,Azerbaijan,9
Greece,Bangladesh,14
Greece,Burundi,5
Greece,Cameroon,11
Greece,Central African Republic,10
Greece,China,6
Greece,Congo,6
Greece,Côte d'Ivoire,13
Greece,Democratic Republic of the Congo,27
Greece,Eritrea,7
Greece,Ethiopia,13
Greece,Georgia,31
Greece,Ghana,7
Greece,Guinea,11
Greece,Iran (Islamic Republic of),254
Greece,Iraq,838
Greece,Lebanon,5
Greece,Libya,9
Greece,Myanmar,6
Greece,Nigeria,49
Greece,Pakistan,19
Greece,Palestinian,6
Greece,Russian Federation,14
Greece,Rwanda,5
Greece,Somalia,38
Greece,Sri Lanka,7
Greece,Sudan,44
Greece,Syrian Arab Republic,20
Greece,Turkey,71
Greece,Uganda,6
Greece,Uzbekistan,17
Guatemala,Colombia,7
Guatemala,El Salvador,36
Guatemala,Honduras,5
Guatemala,Nicaragua,104
Guinea,Burundi,7
Guinea,Congo,12
Guinea,Côte d'Ivoire,6552
Guinea,Democratic Republic of the Congo,40
Guinea,Liberia,3520
Guinea,Mali,26
Guinea,Rwanda,17
Guinea,Sierra Leone,171
Guinea,Togo,9
Guinea-Bissau,Burundi,9
Guinea-Bissau,Côte d'Ivoire,21
Guinea-Bissau,Democratic Republic of the Congo,6
Guinea-Bissau,Gambia,5
Guinea-Bissau,Guinea,11
Guinea-Bissau,Liberia,6
Guinea-Bissau,Senegal,7700
Guinea-Bissau,Sierra Leone,22
Guyana,Democratic Republic of the Congo,7
Honduras,Haiti,6
"Hong Kong SAR, China",Afghanistan,7
"Hong Kong SAR, China",Pakistan,18
"Hong Kong SAR, China",Palestinian,8
"Hong Kong SAR, China",Somalia,21
"Hong Kong SAR, China",Sri Lanka,29
"Hong Kong SAR, China",Viet Nam,7
Hungary,Various,215
Hungary,Afghanistan,1131
Hungary,Algeria,26
Hungary,Angola,14
Hungary,Armenia,88
Hungary,Cameroon,31
Hungary,China,22
Hungary,Congo,14
Hungary,Côte d'Ivoire,18
Hungary,Cuba,61
Hungary,Democratic Republic of the Congo,15
Hungary,Egypt,16
Hungary,Ethiopia,33
Hungary,Georgia,88
Hungary,Guinea,9
Hungary,Iran (Islamic Republic of),145
Hungary,Iraq,563
Hungary,Lebanon,12
Hungary,Liberia,16
Hungary,Libya,14
Hungary,Nepal,15
Hungary,Nigeria,60
Hungary,Pakistan,77
Hungary,Palestinian,117
Hungary,Romania,14
Hungary,Russian Federation,103
Hungary,Senegal,5
Hungary,Serbia,266
Hungary,Sierra Leone,31
Hungary,Somalia,431
Hungary,Sri Lanka,21
Hungary,Stateless,36
Hungary,Sudan,64
Hungary,Syrian Arab Republic,86
Hungary,The former Yugoslav Republic of Macedonia,5
Hungary,Togo,8
Hungary,Tunisia,6
Hungary,Turkey,64
Hungary,Uganda,7
Hungary,Ukraine,41
Hungary,Uzbekistan,10
Hungary,Zimbabwe,6
Iceland,Afghanistan,6
Iceland,Eritrea,5
Iceland,Iran (Islamic Republic of),9
Iceland,Somalia,5
India,Afghanistan,9633
India,China,100003
India,Côte d'Ivoire,7
India,Democratic Republic of the Congo,29
India,Eritrea,52
India,Ethiopia,8
India,Iran (Islamic Republic of),123
India,Iraq,113
India,Myanmar,7671
India,Palestinian,60
India,Rwanda,5
India,Somalia,739
India,Sri Lanka,67165
India,Sudan,30
India,Syrian Arab Republic,6
Indonesia,Afghanistan,890
Indonesia,China,18
Indonesia,Ethiopia,6
Indonesia,Iran (Islamic Republic of),119
Indonesia,Iraq,126
Indonesia,Kuwait,8
Indonesia,Myanmar,222
Indonesia,Pakistan,20
Indonesia,Palestinian,8
Indonesia,Philippines,5
Indonesia,Somalia,160
Indonesia,Sri Lanka,219
Indonesia,Syrian Arab Republic,5
Iran (Islamic Republic of),Afghanistan,824087
Iran (Islamic Republic of),Iraq,44085
Iran (Islamic Republic of),Kuwait,8
Iran (Islamic Republic of),Pakistan,5
Iran (Islamic Republic of),Uzbekistan,54
Iraq,Iran (Islamic Republic of),8259
Iraq,Palestinian,11467
Iraq,Syrian Arab Republic,63586
Iraq,Turkey,15496
Ireland,Afghanistan,181
Ireland,Albania,139
Ireland,Algeria,54
Ireland,Angola,139
Ireland,Armenia,30
Ireland,Azerbaijan,19
Ireland,Bangladesh,20
Ireland,Belarus,33
Ireland,Belgium,16
Ireland,Bhutan,9
Ireland,Bosnia and Herzegovina,8
Ireland,Bulgaria,5
Ireland,Burundi,33
Ireland,Cameroon,123
Ireland,Chad,12
Ireland,China,93
Ireland,Congo,18
Ireland,Côte d'Ivoire,48
Ireland,Croatia,221
Ireland,Cuba,7
Ireland,Czech Republic,45
Ireland,Democratic Republic of the Congo,227
Ireland,Egypt,21
Ireland,Eritrea,119
Ireland,Estonia,12
Ireland,Ethiopia,58
Ireland,Gambia,5
Ireland,Georgia,150
Ireland,Ghana,46
Ireland,Guinea,58
Ireland,India,5
Ireland,Iran (Islamic Republic of),206
Ireland,Iraq,534
Ireland,Israel,28
Ireland,Jamaica,9
Ireland,Kazakhstan,49
Ireland,Kenya,78
Ireland,Kuwait,63
Ireland,Kyrgyzstan,21
Ireland,Latvia,11
Ireland,Lebanon,17
Ireland,Liberia,29
Ireland,Libya,12
Ireland,Lithuania,16
Ireland,Malawi,10
Ireland,Mauritius,5
Ireland,Morocco,7
Ireland,Mozambique,8
Ireland,Myanmar,9
Ireland,Nepal,5
Ireland,Niger,5
Ireland,Nigeria,540
Ireland,Pakistan,205
Ireland,Palestinian,119
Ireland,Poland,13
Ireland,Republic of Moldova,158
Ireland,Romania,151
Ireland,Russian Federation,148
Ireland,Rwanda,54
Ireland,Serbia,143
Ireland,Sierra Leone,30
Ireland,Slovakia,10
Ireland,Somalia,505
Ireland,South Africa,35
Ireland,Sri Lanka,27
Ireland,Stateless,12
Ireland,Sudan,432
Ireland,Syrian Arab Republic,38
Ireland,The former Yugoslav Republic of Macedonia,15
Ireland,Togo,58
Ireland,Turkey,13
Ireland,Uganda,73
Ireland,Ukraine,134
Ireland,United Kingdom of Great Britain and Northern Ireland,8
Ireland,Uzbekistan,28
Ireland,Yemen,5
Ireland,Zimbabwe,244
Israel,Democratic Republic of the Congo,208
Israel,Eritrea,37347
Israel,Ethiopia,76
Israel,Iran (Islamic Republic of),6
Israel,South Sudan,100
Israel,Sudan,10743
Italy,Various,2889
Italy,Afghanistan,5058
Italy,Albania,145
Italy,Algeria,66
Italy,Angola,54
Italy,Armenia,98
Italy,Azerbaijan,67
Italy,Bangladesh,753
Italy,Belarus,18
Italy,Benin,42
Italy,Bolivia (Plurinational State of),5
Italy,Bosnia and Herzegovina,119
Italy,Brazil,12
Italy,Burkina Faso,371
Italy,Burundi,11
Italy,Cameroon,545
Italy,Cape Verde,17
Italy,Central African Republic,15
Italy,Chad,257
Italy,China,76
Italy,Colombia,373
Italy,Congo,545
Italy,Côte d'Ivoire,3764
Italy,Croatia,18
Italy,Cuba,94
Italy,Democratic Republic of the Congo,406
Italy,Ecuador,8
Italy,Egypt,247
Italy,El Salvador,41
Italy,Eritrea,11345
Italy,Ethiopia,2193
Italy,Gabon,8
Italy,Gambia,299
Italy,Georgia,90
Italy,Ghana,926
Italy,Guinea,652
Italy,Guinea-Bissau,40
Italy,Haiti,8
Italy,Honduras,7
Italy,India,87
Italy,Iran (Islamic Republic of),923
Italy,Iraq,1863
Italy,Jordan,9
Italy,Kenya,75
Italy,Lebanon,227
Italy,Liberia,1365
Italy,Libya,142
Italy,Mali,2088
Italy,Mauritania,146
Italy,Mongolia,6
Italy,Montenegro,23
Italy,Morocco,118
Italy,Myanmar,17
Italy,Nepal,24
Italy,Niger,141
Italy,Nigeria,2964
Italy,Pakistan,2232
Italy,Palestinian,434
Italy,Peru,16
Italy,Republic of Moldova,109
Italy,Romania,39
Italy,Russian Federation,152
Italy,Rwanda,17
Italy,Senegal,320
Italy,Serbia,2511
Italy,Sierra Leone,292
Italy,Somalia,9284
Italy,South Sudan,55
Italy,Sri Lanka,605
Italy,Stateless,13
Italy,Sudan,2548
Italy,Syrian Arab Republic,445
Italy,The former Yugoslav Republic of Macedonia,181
Italy,Togo,1513
Italy,Tunisia,187
Italy,Turkey,1733
Italy,Uganda,29
Italy,Ukraine,60
Italy,United Republic of Tanzania,5
Italy,Uzbekistan,5
Italy,Viet Nam,9
Italy,Yemen,13
Italy,Zimbabwe,25
Jamaica,Haiti,19
Japan,Various,208
Japan,Afghanistan,34
Japan,Bangladesh,15
Japan,Burundi,7
Japan,Cambodia,25
Japan,China,79
Japan,Ethiopia,13
Japan,Iran (Islamic Republic of),23
Japan,Myanmar,1732
Japan,Pakistan,10
Japan,Sri Lanka,29
Japan,Stateless,8
Japan,Sudan,14
Japan,Turkey,19
Japan,Viet Nam,358
Jordan,Afghanistan,12
Jordan,Bosnia and Herzegovina,10
Jordan,Egypt,21
Jordan,Eritrea,5
Jordan,Iraq,63037
Jordan,Russian Federation,25
Jordan,Somalia,318
Jordan,Stateless,39
Jordan,Sudan,412
Jordan,Syrian Arab Republic,238798
Jordan,Tunisia,5
Jordan,Yemen,8
Kazakhstan,Afghanistan,525
Kazakhstan,China,16
Kazakhstan,Uzbekistan,20
Kenya,Burundi,1018
Kenya,Congo,12
Kenya,Côte d'Ivoire,5
Kenya,Democratic Republic of the Congo,6244
Kenya,Eritrea,1436
Kenya,Ethiopia,22221
Kenya,Iran (Islamic Republic of),7
Kenya,Mozambique,10
Kenya,Rwanda,1343
Kenya,Somalia,512069
Kenya,South Sudan,16774
Kenya,Sri Lanka,9
Kenya,Sudan,3157
Kenya,Uganda,596
Kenya,United Republic of Tanzania,5
Kuwait,Eritrea,5
Kuwait,Iran (Islamic Republic of),14
Kuwait,Iraq,484
Kuwait,Palestinian,6
Kuwait,Somalia,121
Kuwait,Stateless,21
Kuwait,Syrian Arab Republic,15
Kyrgyzstan,Afghanistan,377
Kyrgyzstan,Syrian Arab Republic,7
Kyrgyzstan,Uzbekistan,4551
Latvia,Afghanistan,28
Latvia,Azerbaijan,5
Latvia,Belarus,7
Latvia,Iran (Islamic Republic of),14
Latvia,Russian Federation,10
Latvia,Somalia,7
Latvia,Syrian Arab Republic,17
Latvia,Uzbekistan,10
Lebanon,Afghanistan,12
Lebanon,Egypt,16
Lebanon,Ethiopia,30
Lebanon,Iran (Islamic Republic of),19
Lebanon,Iraq,6516
Lebanon,Jordan,31
Lebanon,Libya,6
Lebanon,Palestinian,98
Lebanon,Philippines,20
Lebanon,Somalia,24
Lebanon,Sri Lanka,7
Lebanon,Sudan,167
Lebanon,Syrian Arab Republic,126939
Lebanon,Tunisia,9
Lebanon,Turkey,13
Lesotho,Algeria,7
Lesotho,Democratic Republic of the Congo,10
Lesotho,Zimbabwe,6
Liberia,Côte d'Ivoire,65560
Liberia,Democratic Republic of the Congo,6
Liberia,Guinea,24
Liberia,Sierra Leone,279
Liberia,Sudan,15
Libya,Algeria,6
Libya,Chad,19
Libya,Côte d'Ivoire,5
Libya,Democratic Republic of the Congo,28
Libya,Eritrea,477
Libya,Ethiopia,23
Libya,Iraq,2532
Libya,Liberia,32
Libya,Palestinian,3138
Libya,Somalia,165
Libya,Sudan,635
Liechtenstein,Armenia,8
Liechtenstein,Eritrea,14
Liechtenstein,Serbia,48
Liechtenstein,Somalia,23
Lithuania,Afghanistan,136
Lithuania,Belarus,27
Lithuania,Cameroon,5
Lithuania,Eritrea,9
Lithuania,Iran (Islamic Republic of),6
Lithuania,Iraq,17
Lithuania,Russian Federation,583
Lithuania,Somalia,22
Lithuania,Sri Lanka,7
Lithuania,Stateless,7
Lithuania,Syrian Arab Republic,5
Lithuania,Uzbekistan,12
Luxembourg,Various,2910
Malawi,Burundi,1428
Malawi,Democratic Republic of the Congo,2827
Malawi,Rwanda,2226
Malawi,Somalia,55
Malaysia,Afghanistan,349
Malaysia,Bangladesh,14
Malaysia,Cambodia,58
Malaysia,China,82
Malaysia,Democratic Republic of the Congo,6
Malaysia,Eritrea,7
Malaysia,Indonesia,901
Malaysia,Iran (Islamic Republic of),148
Malaysia,Iraq,475
Malaysia,Liberia,10
Malaysia,Myanmar,84671
Malaysia,Nepal,9
Malaysia,Pakistan,96
Malaysia,Palestinian,235
Malaysia,Russian Federation,5
Malaysia,Somalia,929
Malaysia,Sri Lanka,2021
Malaysia,Sudan,78
Malaysia,Thailand,14
Malaysia,Viet Nam,9
Malaysia,Yemen,26
Mali,Burundi,25
Mali,Congo,28
Mali,Côte d'Ivoire,1116
Mali,Democratic Republic of the Congo,155
Mali,Liberia,124
Mali,Mauritania,12436
Mali,Rwanda,30
Mali,Togo,6
Malta,Various,613
Malta,Bangladesh,5
Malta,Cameroon,5
Malta,Côte d'Ivoire,30
Malta,Democratic Republic of the Congo,64
Malta,Egypt,8
Malta,Eritrea,1681
Malta,Ethiopia,93
Malta,Iraq,24
Malta,Libya,68
Malta,Mali,8
Malta,Morocco,5
Malta,Nigeria,11
Malta,Pakistan,40
Malta,Palestinian,22
Malta,Somalia,5041
Malta,Sri Lanka,7
Malta,Sudan,301
Malta,Syrian Arab Republic,191
Mauritania,Congo,11
Mauritania,Côte d'Ivoire,276
Mauritania,Democratic Republic of the Congo,70
Mauritania,Iraq,30
Mauritania,Liberia,9
Mauritania,Mali,54029
Mauritania,Palestinian,13
Mauritania,Senegal,9
Mauritania,Togo,33
Mauritania,Western Sahara,26000
Mexico,Cameroon,11
Mexico,China,5
Mexico,Colombia,247
Mexico,Congo,11
Mexico,Cuba,41
Mexico,Democratic Republic of the Congo,58
Mexico,Dominican Republic,6
Mexico,El Salvador,324
Mexico,Eritrea,5
Mexico,Guatemala,312
Mexico,Haiti,173
Mexico,Honduras,157
Mexico,India,6
Mexico,Iran (Islamic Republic of),22
Mexico,Iraq,31
Mexico,Nicaragua,14
Mexico,Peru,10
Mexico,Romania,7
Mexico,Russian Federation,5
Mexico,Sri Lanka,17
Mexico,Venezuela (Bolivarian Republic of),9
Monaco,Various,37
Montenegro,Bosnia and Herzegovina,1976
Montenegro,Croatia,713
Montenegro,Serbia,8504
Morocco,Cameroon,6
Morocco,Congo,9
Morocco,Côte d'Ivoire,312
Morocco,Democratic Republic of the Congo,181
Morocco,Iraq,147
Morocco,Nigeria,5
Morocco,Pakistan,7
Morocco,Palestinian,31
Morocco,Rwanda,5
Morocco,Somalia,7
Mozambique,Burundi,976
Mozambique,Congo,11
Mozambique,Democratic Republic of the Congo,2527
Mozambique,Rwanda,777
Mozambique,Somalia,89
Mozambique,Sudan,5
Namibia,Burundi,214
Namibia,Democratic Republic of the Congo,1436
Namibia,Rwanda,109
Namibia,Zimbabwe,24
Nepal,Bhutan,40971
Nepal,Myanmar,47
Nepal,Pakistan,169
Nepal,Somalia,50
Nepal,Sri Lanka,11
Nepal,Tibetan,15000
Netherlands,Various,3665
Netherlands,Afghanistan,6126
Netherlands,Albania,18
Netherlands,Algeria,29
Netherlands,Angola,722
Netherlands,Armenia,926
Netherlands,Azerbaijan,1436
Netherlands,Bangladesh,31
Netherlands,Belarus,110
Netherlands,Benin,11
Netherlands,Bhutan,211
Netherlands,Bosnia and Herzegovina,247
Netherlands,Burkina Faso,11
Netherlands,Burundi,1656
Netherlands,Cambodia,31
Netherlands,Cameroon,179
Netherlands,Central African Republic,6
Netherlands,Chad,17
Netherlands,China,1117
Netherlands,Colombia,295
Netherlands,Congo,680
Netherlands,Côte d'Ivoire,645
Netherlands,Croatia,23
Netherlands,Cuba,15
Netherlands,Democratic People's Republic of Korea,58
Netherlands,Democratic Republic of the Congo,833
Netherlands,Djibouti,10
Netherlands,Ecuador,10
Netherlands,Egypt,92
Netherlands,Eritrea,2103
Netherlands,Ethiopia,726
Netherlands,Gambia,22
Netherlands,Georgia,117
Netherlands,Guinea,825
Netherlands,Guinea-Bissau,5
Netherlands,Honduras,6
Netherlands,India,6
Netherlands,Indonesia,28
Netherlands,Iran (Islamic Republic of),3354
Netherlands,Iraq,18012
Netherlands,Jamaica,53
Netherlands,Jordan,9
Netherlands,Kazakhstan,98
Netherlands,Kenya,32
Netherlands,Kuwait,8
Netherlands,Kyrgyzstan,64
Netherlands,Lao People's Democratic Republic,33
Netherlands,Lebanon,46
Netherlands,Liberia,431
Netherlands,Libya,309
Netherlands,Malaysia,8
Netherlands,Mali,10
Netherlands,Mauritania,17
Netherlands,Mongolia,41
Netherlands,Morocco,15
Netherlands,Myanmar,795
Netherlands,Nepal,385
Netherlands,Niger,43
Netherlands,Nigeria,213
Netherlands,Pakistan,249
Netherlands,Palestinian,55
Netherlands,Peru,9
Netherlands,Philippines,15
Netherlands,Republic of Moldova,7
Netherlands,Romania,13
Netherlands,Russian Federation,880
Netherlands,Rwanda,363
Netherlands,Saudi Arabia,20
Netherlands,Senegal,16
Netherlands,Serbia,565
Netherlands,Sierra Leone,1000
Netherlands,Slovakia,8
Netherlands,Somalia,16286
Netherlands,Sri Lanka,644
Netherlands,Stateless,622
Netherlands,Sudan,1233
Netherlands,Syrian Arab Republic,1449
Netherlands,Tajikistan,56
Netherlands,The former Yugoslav Republic of Macedonia,10
Netherlands,Togo,157
Netherlands,Trinidad and Tobago,5
Netherlands,Tunisia,38
Netherlands,Turkey,499
Netherlands,Turkmenistan,20
Netherlands,Uganda,230
Netherlands,Ukraine,74
Netherlands,United Republic of Tanzania,5
Netherlands,Uzbekistan,195
Netherlands,Viet Nam,28
Netherlands,Yemen,43
Netherlands,Zimbabwe,35
New Zealand,Afghanistan,29
New Zealand,Algeria,21
New Zealand,Bahrain,20
New Zealand,Bangladesh,7
New Zealand,Bulgaria,7
New Zealand,Cameroon,5
New Zealand,Chile,6
New Zealand,China,126
New Zealand,Colombia,17
New Zealand,Congo,8
New Zealand,Czech Republic,69
New Zealand,Democratic Republic of the Congo,6
New Zealand,Egypt,23
New Zealand,Eritrea,8
New Zealand,Ethiopia,16
New Zealand,Fiji,15
New Zealand,India,7
New Zealand,Iran (Islamic Republic of),339
New Zealand,Iraq,188
New Zealand,Jordan,15
New Zealand,Kuwait,7
New Zealand,Kyrgyzstan,9
New Zealand,Lebanon,5
New Zealand,Libya,9
New Zealand,Myanmar,36
New Zealand,Nepal,17
New Zealand,Pakistan,39
New Zealand,Palestinian,13
New Zealand,Saudi Arabia,24
New Zealand,Serbia,5
New Zealand,Slovakia,7
New Zealand,Somalia,45
New Zealand,Sri Lanka,98
New Zealand,Sudan,14
New Zealand,Syrian Arab Republic,41
New Zealand,Turkey,20
New Zealand,Zimbabwe,123
Nicaragua,Colombia,8
Nicaragua,Cuba,6
Nicaragua,El Salvador,69
Nicaragua,Guatemala,8
Nicaragua,Honduras,33
Niger,Cameroon,6
Niger,Chad,142
Niger,Côte d'Ivoire,28
Niger,Democratic Republic of the Congo,68
Niger,Iraq,6
Niger,Mali,50204
Niger,Rwanda,27
Niger,Somalia,9
Niger,Sudan,9
Nigeria,Angola,7
Nigeria,Burundi,6
Nigeria,Cameroon,858
Nigeria,Central African Republic,7
Nigeria,Chad,213
Nigeria,Côte d'Ivoire,148
Nigeria,Democratic Republic of the Congo,860
Nigeria,Eritrea,15
Nigeria,Ethiopia,29
Nigeria,Ghana,71
Nigeria,Guinea,44
Nigeria,Guinea-Bissau,6
Nigeria,Liberia,564
Nigeria,Mali,9
Nigeria,Palestinian,7
Nigeria,Rwanda,36
Nigeria,Sierra Leone,50
Nigeria,Somalia,21
Nigeria,Sri Lanka,15
Nigeria,Sudan,146
Nigeria,Togo,24
Norway,Various,59
Norway,Afghanistan,5984
Norway,Albania,38
Norway,Algeria,42
Norway,Angola,165
Norway,Armenia,22
Norway,Azerbaijan,51
Norway,Bangladesh,13
Norway,Belarus,31
Norway,Bhutan,10
Norway,Bosnia and Herzegovina,53
Norway,Bulgaria,8
Norway,Burundi,398
Norway,Cameroon,26
Norway,China,656
Norway,Colombia,27
Norway,Congo,34
Norway,Côte d'Ivoire,26
Norway,Croatia,11
Norway,Cuba,7
Norway,Democratic People's Republic of Korea,14
Norway,Democratic Republic of the Congo,299
Norway,Egypt,18
Norway,El Salvador,5
Norway,Eritrea,7129
Norway,Ethiopia,1530
Norway,Gambia,7
Norway,Georgia,10
Norway,Ghana,5
Norway,Guatemala,7
Norway,Guinea,42
Norway,India,12
Norway,Iran (Islamic Republic of),1334
Norway,Iraq,5727
Norway,Israel,8
Norway,Jordan,16
Norway,Kazakhstan,27
Norway,Kenya,16
Norway,Kuwait,8
Norway,Kyrgyzstan,25
Norway,Lebanon,37
Norway,Liberia,67
Norway,Libya,50
Norway,Malawi,8
Norway,Mongolia,9
Norway,Morocco,26
Norway,Myanmar,160
Norway,Nepal,14
Norway,Niger,10
Norway,Nigeria,109
Norway,Pakistan,91
Norway,Philippines,8
Norway,Romania,6
Norway,Russian Federation,3875
Norway,Rwanda,170
Norway,Serbia,946
Norway,Sierra Leone,15
Norway,Somalia,8870
Norway,Sri Lanka,336
Norway,Stateless,2116
Norway,Sudan,800
Norway,Syrian Arab Republic,565
Norway,Tajikistan,15
Norway,Thailand,31
Norway,Togo,14
Norway,Turkey,138
Norway,Turkmenistan,7
Norway,Uganda,52
Norway,Ukraine,5
Norway,Uzbekistan,145
Norway,Viet Nam,14
Norway,Yemen,130
Norway,Zimbabwe,21
Oman,Iraq,131
Oman,Syrian Arab Republic,7
Pakistan,Afghanistan,1637740
Pakistan,Algeria,17
Pakistan,Iran (Islamic Republic of),48
Pakistan,Iraq,72
Pakistan,Myanmar,23
Pakistan,Russian Federation,7
Pakistan,Somalia,517
Pakistan,Syrian Arab Republic,11
Pakistan,Turkey,6
Pakistan,Uzbekistan,6
Panama,Belarus,7
Panama,Cameroon,8
Panama,Colombia,15723
Panama,Cuba,1114
Panama,Democratic Republic of the Congo,5
Panama,El Salvador,269
Panama,Guatemala,12
Panama,Haiti,17
Panama,Nicaragua,173
Panama,Nigeria,10
Panama,Peru,23
Panama,Venezuela (Bolivarian Republic of),18
Papua New Guinea,Indonesia,9368
Papua New Guinea,Somalia,5
Papua New Guinea,Sri Lanka,5
Paraguay,Bolivia (Plurinational State of),13
Paraguay,Colombia,40
Paraguay,Cuba,56
Paraguay,Iraq,6
Paraguay,Russian Federation,8
Paraguay,Viet Nam,6
Peru,Bangladesh,6
Peru,Bolivia (Plurinational State of),7
Peru,Bosnia and Herzegovina,6
Peru,Colombia,413
Peru,Cuba,469
Peru,Haiti,16
Peru,Hungary,6
Peru,Iran (Islamic Republic of),9
Peru,Iraq,9
Peru,Nigeria,5
Peru,Palestinian,20
Peru,Russian Federation,16
Peru,Serbia,80
Peru,Venezuela (Bolivarian Republic of),13
Philippines,Iran (Islamic Republic of),45
Philippines,Iraq,23
Philippines,Pakistan,7
Philippines,Palestinian,20
Philippines,Rwanda,8
Philippines,Somalia,5
Philippines,Sri Lanka,8
Poland,Afghanistan,72
Poland,Armenia,62
Poland,Azerbaijan,11
Poland,Belarus,198
Poland,Cameroon,8
Poland,China,13
Poland,Congo,10
Poland,Cuba,10
Poland,Eritrea,14
Poland,Georgia,14
Poland,India,6
Poland,Iran (Islamic Republic of),15
Poland,Iraq,137
Poland,Kazakhstan,7
Poland,Kenya,5
Poland,Kyrgyzstan,9
Poland,Libya,6
Poland,Mongolia,18
Poland,Nepal,9
Poland,Nigeria,17
Poland,Pakistan,19
Poland,Palestinian,11
Poland,Russian Federation,14938
Poland,Senegal,6
Poland,Somalia,48
Poland,Sri Lanka,53
Poland,Stateless,21
Poland,Sudan,7
Poland,Syrian Arab Republic,17
Poland,Turkey,39
Poland,Turkmenistan,5
Poland,Ukraine,25
Poland,Uzbekistan,10
Poland,Viet Nam,17
Portugal,Various,24
Portugal,Afghanistan,6
Portugal,Belarus,9
Portugal,Bosnia and Herzegovina,11
Portugal,Cameroon,7
Portugal,Colombia,76
Portugal,Comoros,18
Portugal,Côte d'Ivoire,19
Portugal,Cuba,8
Portugal,Democratic Republic of the Congo,43
Portugal,Eritrea,22
Portugal,Guinea,50
Portugal,Guinea-Bissau,9
Portugal,Iran (Islamic Republic of),10
Portugal,Iraq,6
Portugal,Kenya,5
Portugal,Nigeria,11
Portugal,Pakistan,7
Portugal,Russian Federation,15
Portugal,Sierra Leone,8
Portugal,Somalia,40
Portugal,Sri Lanka,19
Qatar,Iraq,64
Qatar,Somalia,8
Qatar,Syrian Arab Republic,8
Republic of Korea,Afghanistan,10
Republic of Korea,Bangladesh,65
Republic of Korea,Cameroon,10
Republic of Korea,China,25
Republic of Korea,Côte d'Ivoire,25
Republic of Korea,Democratic Republic of the Congo,43
Republic of Korea,Ethiopia,32
Republic of Korea,Ghana,5
Republic of Korea,Iran (Islamic Republic of),19
Republic of Korea,Iraq,6
Republic of Korea,Myanmar,156
Republic of Korea,Nigeria,6
Republic of Korea,Pakistan,15
Republic of Korea,Russian Federation,8
Republic of Korea,Uganda,20
Republic of Korea,Uzbekistan,8
Republic of Moldova,Afghanistan,14
Republic of Moldova,Armenia,28
Republic of Moldova,Azerbaijan,10
Republic of Moldova,Georgia,5
Republic of Moldova,Kyrgyzstan,14
Republic of Moldova,Palestinian,7
Republic of Moldova,Russian Federation,11
Republic of Moldova,Sudan,7
Republic of Moldova,Syrian Arab Republic,55
Romania,Afghanistan,125
Romania,Cameroon,25
Romania,Congo,23
Romania,Democratic Republic of the Congo,17
Romania,Egypt,15
Romania,Eritrea,17
Romania,Ethiopia,7
Romania,Guinea,6
Romania,Iran (Islamic Republic of),50
Romania,Iraq,487
Romania,Jordan,8
Romania,Lebanon,9
Romania,Myanmar,45
Romania,Nigeria,6
Romania,Pakistan,9
Romania,Palestinian,30
Romania,Republic of Moldova,9
Romania,Serbia,15
Romania,Somalia,94
Romania,Stateless,8
Romania,Sudan,15
Romania,Syrian Arab Republic,152
Romania,Turkey,41
Russian Federation,Various,38
Russian Federation,Afghanistan,1300
Russian Federation,Angola,11
Russian Federation,Azerbaijan,19
Russian Federation,Bangladesh,13
Russian Federation,China,9
Russian Federation,Congo,5
Russian Federation,Democratic People's Republic of Korea,44
Russian Federation,Democratic Republic of the Congo,15
Russian Federation,Egypt,8
Russian Federation,Georgia,1404
Russian Federation,Iraq,19
Russian Federation,Kyrgyzstan,42
Russian Federation,Lebanon,7
Russian Federation,Palestinian,8
Russian Federation,Republic of Moldova,9
Russian Federation,Syrian Arab Republic,53
Russian Federation,Tajikistan,30
Russian Federation,Turkmenistan,10
Russian Federation,Ukraine,5
Russian Federation,United States of America,5
Russian Federation,Uzbekistan,85
Rwanda,Burundi,333
Rwanda,Chad,7
Rwanda,Democratic Republic of the Congo,57857
Saudi Arabia,China,14
Saudi Arabia,Eritrea,379
Saudi Arabia,Iraq,50
Saudi Arabia,Liberia,27
Saudi Arabia,Palestinian,22
Saudi Arabia,Somalia,20
Saudi Arabia,Sudan,31
Saudi Arabia,Syrian Arab Republic,14
Saudi Arabia,Tunisia,6
Saudi Arabia,Uzbekistan,7
Senegal,Algeria,9
Senegal,Burundi,50
Senegal,Cameroon,11
Senegal,Chad,15
Senegal,Congo,19
Senegal,Côte d'Ivoire,48
Senegal,Democratic Republic of the Congo,20
Senegal,Guinea,13
Senegal,Liberia,61
Senegal,Mauritania,13702
Senegal,Nigeria,7
Senegal,Rwanda,274
Serbia,Bosnia and Herzegovina,16418
Serbia,Croatia,49931
Serbia,Iraq,18
Sierra Leone,Côte d'Ivoire,33
Sierra Leone,Liberia,4163
Sierra Leone,Sudan,7
Slovakia,Afghanistan,209
Slovakia,Armenia,10
Slovakia,Congo,5
Slovakia,Cuba,32
Slovakia,Democratic Republic of the Congo,10
Slovakia,Iran (Islamic Republic of),35
Slovakia,Iraq,95
Slovakia,Palestinian,8
Slovakia,Russian Federation,6
Slovakia,Serbia,10
Slovakia,Somalia,161
Slovakia,Stateless,8
Slovakia,Syrian Arab Republic,24
Slovakia,Ukraine,17
Slovenia,Afghanistan,18
Slovenia,Bosnia and Herzegovina,9
Slovenia,Democratic Republic of the Congo,6
Slovenia,Iran (Islamic Republic of),15
Slovenia,Kazakhstan,16
Slovenia,Russian Federation,7
Slovenia,Serbia,63
Slovenia,Somalia,20
Slovenia,Sudan,5
Somalia,Various,46
Somalia,Eritrea,39
Somalia,Ethiopia,2179
Somalia,United Republic of Tanzania,29
Somalia,Yemen,5
South Africa,Various,13503
South Africa,Afghanistan,20
South Africa,Angola,5805
South Africa,Bangladesh,146
South Africa,Bosnia and Herzegovina,27
South Africa,Burundi,2359
South Africa,Cameroon,135
South Africa,Congo,2336
South Africa,Côte d'Ivoire,12
South Africa,Democratic Republic of the Congo,13386
South Africa,Eritrea,660
South Africa,Ethiopia,5538
South Africa,Ghana,10
South Africa,Iraq,5
South Africa,Kenya,53
South Africa,Kyrgyzstan,18
South Africa,Liberia,214
South Africa,Malawi,11
South Africa,Nigeria,34
South Africa,Pakistan,38
South Africa,Poland,5
South Africa,Rwanda,1364
South Africa,Serbia,34
South Africa,Sierra Leone,53
South Africa,Solomon Islands,5
South Africa,Somalia,17864
South Africa,Sudan,182
South Africa,Uganda,141
South Africa,United Republic of Tanzania,140
South Africa,Zambia,17
South Africa,Zimbabwe,1095
South Sudan,Central African Republic,1560
South Sudan,Democratic Republic of the Congo,18296
South Sudan,Ethiopia,5891
South Sudan,Sudan,176834
Spain,Various,95
Spain,Afghanistan,92
Spain,Albania,16
Spain,Algeria,49
Spain,Angola,17
Spain,Armenia,61
Spain,Azerbaijan,40
Spain,Bangladesh,13
Spain,Belarus,31
Spain,Burkina Faso,5
Spain,Cameroon,24
Spain,China,11
Spain,Colombia,637
Spain,Congo,13
Spain,Côte d'Ivoire,246
Spain,Cuba,967
Spain,Democratic Republic of the Congo,98
Spain,Egypt,8
Spain,Equatorial Guinea,111
Spain,Eritrea,33
Spain,Ethiopia,78
Spain,Gambia,8
Spain,Georgia,26
Spain,Guatemala,7
Spain,Guinea,6
Spain,Haiti,20
Spain,Honduras,15
Spain,Iran (Islamic Republic of),51
Spain,Iraq,248
Spain,Jordan,19
Spain,Kazakhstan,8
Spain,Liberia,19
Spain,Mexico,8
Spain,Morocco,34
Spain,Nepal,6
Spain,Nicaragua,9
Spain,Nigeria,24
Spain,Pakistan,124
Spain,Palestinian,298
Spain,Russian Federation,268
Spain,Rwanda,14
Spain,Serbia,16
Spain,Sierra Leone,22
Spain,Somalia,196
Spain,Sri Lanka,71
Spain,Stateless,108
Spain,Sudan,44
Spain,Syrian Arab Republic,32
Spain,Togo,12
Spain,Tunisia,6
Spain,Turkey,8
Spain,Ukraine,10
Spain,Uzbekistan,7
Spain,Venezuela (Bolivarian Republic of),44
Spain,Viet Nam,5
Spain,Western Sahara,9
Spain,Yemen,5
Sri Lanka,Afghanistan,5
Sri Lanka,Pakistan,104
Sudan,Various,116
Sudan,Central African Republic,2172
Sudan,Chad,32220
Sudan,Democratic Republic of the Congo,15
Sudan,Eritrea,112283
Sudan,Ethiopia,4761
Sudan,Iraq,15
Sudan,Somalia,372
Sudan,Uganda,219
Swaziland,Angola,12
Swaziland,Burundi,90
Swaziland,Cameroon,6
Swaziland,Democratic Republic of the Congo,255
Swaziland,Ethiopia,5
Swaziland,Rwanda,84
Swaziland,Somalia,22
Swaziland,Uganda,7
Swaziland,Zimbabwe,8
Sweden,Various,750
Sweden,Afghanistan,8454
Sweden,Albania,209
Sweden,Algeria,66
Sweden,Angola,80
Sweden,Armenia,548
Sweden,Azerbaijan,834
Sweden,Bangladesh,251
Sweden,Belarus,188
Sweden,Belgium,13
Sweden,Benin,5
Sweden,Bhutan,9
Sweden,Bolivia (Plurinational State of),36
Sweden,Bosnia and Herzegovina,1239
Sweden,Bulgaria,33
Sweden,Burundi,1203
Sweden,Cambodia,5
Sweden,Cameroon,80
Sweden,Chad,8
Sweden,Chile,30
Sweden,China,255
Sweden,Colombia,60
Sweden,Congo,60
Sweden,Côte d'Ivoire,59
Sweden,Croatia,46
Sweden,Cuba,88
Sweden,Democratic People's Republic of Korea,7
Sweden,Democratic Republic of the Congo,287
Sweden,Ecuador,50
Sweden,Egypt,142
Sweden,El Salvador,43
Sweden,Eritrea,6414
Sweden,Estonia,5
Sweden,Ethiopia,452
Sweden,Gambia,45
Sweden,Georgia,170
Sweden,Germany,6
Sweden,Ghana,21
Sweden,Guatemala,10
Sweden,Guinea,61
Sweden,Honduras,17
Sweden,India,51
Sweden,Indonesia,6
Sweden,Iran (Islamic Republic of),2992
Sweden,Iraq,24741
Sweden,Israel,30
Sweden,Jordan,316
Sweden,Kazakhstan,306
Sweden,Kenya,68
Sweden,Kiribati,29
Sweden,Kuwait,9
Sweden,Kyrgyzstan,174
Sweden,Lao People's Democratic Republic,6
Sweden,Latvia,11
Sweden,Lebanon,380
Sweden,Liberia,30
Sweden,Libya,355
Sweden,Lithuania,10
Sweden,Malaysia,5
Sweden,Mali,10
Sweden,Mauritania,6
Sweden,Mongolia,158
Sweden,Montenegro,49
Sweden,Morocco,65
Sweden,Myanmar,49
Sweden,Nepal,22
Sweden,Nicaragua,6
Sweden,Nigeria,178
Sweden,Pakistan,209
Sweden,Peru,40
Sweden,Philippines,33
Sweden,Republic of Korea,8
Sweden,Republic of Moldova,12
Sweden,Romania,38
Sweden,Russian Federation,1770
Sweden,Rwanda,41
Sweden,Saudi Arabia,8
Sweden,Senegal,11
Sweden,Serbia,4315
Sweden,Sierra Leone,44
Sweden,Slovakia,8
Sweden,Somalia,19416
Sweden,Sri Lanka,42
Sweden,Stateless,4948
Sweden,Sudan,295
Sweden,Syrian Arab Republic,6051
Sweden,Tajikistan,38
Sweden,Thailand,14
Sweden,The former Yugoslav Republic of Macedonia,118
Sweden,Togo,17
Sweden,Tunisia,41
Sweden,Turkey,503
Sweden,Turkmenistan,61
Sweden,Uganda,191
Sweden,Ukraine,111
Sweden,United Republic of Tanzania,19
Sweden,United States of America,10
Sweden,Uzbekistan,1487
Sweden,Venezuela (Bolivarian Republic of),6
Sweden,Viet Nam,82
Sweden,Yemen,390
Sweden,Zimbabwe,36
Switzerland,Various,474
Switzerland,Afghanistan,2099
Switzerland,Albania,49
Switzerland,Algeria,195
Switzerland,Angola,1176
Switzerland,Armenia,66
Switzerland,Azerbaijan,67
Switzerland,Bangladesh,58
Switzerland,Belarus,30
Switzerland,Benin,29
Switzerland,Bolivia (Plurinational State of),10
Switzerland,Bosnia and Herzegovina,2795
Switzerland,Brazil,6
Switzerland,Bulgaria,17
Switzerland,Burkina Faso,10
Switzerland,Burundi,81
Switzerland,Cambodia,376
Switzerland,Cameroon,178
Switzerland,Central African Republic,6
Switzerland,Chad,48
Switzerland,Chile,14
Switzerland,China,1662
Switzerland,Colombia,327
Switzerland,Congo,85
Switzerland,Côte d'Ivoire,126
Switzerland,Croatia,45
Switzerland,Cuba,38
Switzerland,Czech Republic,8
Switzerland,Democratic Republic of the Congo,1357
Switzerland,Djibouti,5
Switzerland,Ecuador,10
Switzerland,Egypt,46
Switzerland,Eritrea,10981
Switzerland,Ethiopia,615
Switzerland,Gabon,5
Switzerland,Gambia,32
Switzerland,Georgia,85
Switzerland,Ghana,8
Switzerland,Guinea,96
Switzerland,Guinea-Bissau,25
Switzerland,Hungary,10
Switzerland,India,43
Switzerland,Iran (Islamic Republic of),1356
Switzerland,Iraq,4120
Switzerland,Italy,7
Switzerland,Jordan,20
Switzerland,Kazakhstan,12
Switzerland,Kenya,47
Switzerland,Kyrgyzstan,16
Switzerland,Lao People's Democratic Republic,154
Switzerland,Lebanon,41
Switzerland,Liberia,50
Switzerland,Libya,208
Switzerland,Mali,9
Switzerland,Mongolia,50
Switzerland,Montenegro,35
Switzerland,Morocco,27
Switzerland,Myanmar,46
Switzerland,Nepal,8
Switzerland,Niger,10
Switzerland,Nigeria,92
Switzerland,Pakistan,99
Switzerland,Palestinian,109
Switzerland,Peru,11
Switzerland,Poland,9
Switzerland,Portugal,5
Switzerland,Republic of Moldova,17
Switzerland,Romania,27
Switzerland,Russian Federation,599
Switzerland,Rwanda,176
Switzerland,Senegal,10
Switzerland,Serbia,4083
Switzerland,Sierra Leone,39
Switzerland,Somalia,4135
Switzerland,Sri Lanka,3117
Switzerland,Stateless,107
Switzerland,Sudan,155
Switzerland,Syrian Arab Republic,1391
Switzerland,Tajikistan,6
Switzerland,The former Yugoslav Republic of Macedonia,163
Switzerland,Togo,696
Switzerland,Tunisia,369
Switzerland,Turkey,3926
Switzerland,Turkmenistan,9
Switzerland,Uganda,32
Switzerland,Ukraine,16
Switzerland,United Republic of Tanzania,15
Switzerland,Uzbekistan,54
Switzerland,Viet Nam,1340
Switzerland,Yemen,268
Switzerland,Zimbabwe,14
Syrian Arab Republic,Afghanistan,1737
Syrian Arab Republic,Algeria,17
Syrian Arab Republic,Burundi,6
Syrian Arab Republic,Democratic Republic of the Congo,6
Syrian Arab Republic,Egypt,26
Syrian Arab Republic,Eritrea,54
Syrian Arab Republic,Ethiopia,9
Syrian Arab Republic,Iran (Islamic Republic of),80
Syrian Arab Republic,Iraq,471418
Syrian Arab Republic,Jordan,53
Syrian Arab Republic,Kuwait,35
Syrian Arab Republic,Lebanon,30
Syrian Arab Republic,Libya,8
Syrian Arab Republic,Morocco,6
Syrian Arab Republic,Pakistan,32
Syrian Arab Republic,Palestinian,48
Syrian Arab Republic,Saudi Arabia,7
Syrian Arab Republic,Somalia,2217
Syrian Arab Republic,South Sudan,14
Syrian Arab Republic,Sudan,598
Syrian Arab Republic,Turkey,7
Syrian Arab Republic,Yemen,73
Tajikistan,Afghanistan,2196
Tajikistan,Kyrgyzstan,47
Thailand,Cambodia,84
Thailand,China,117
Thailand,Côte d'Ivoire,17
Thailand,Democratic Republic of the Congo,19
Thailand,Egypt,11
Thailand,Iran (Islamic Republic of),24
Thailand,Iraq,86
Thailand,Myanmar,83317
Thailand,Nepal,15
Thailand,Pakistan,274
Thailand,Palestinian,20
Thailand,Somalia,136
Thailand,Sri Lanka,225
Thailand,Sudan,8
Thailand,Syrian Arab Republic,10
Thailand,Viet Nam,92
The former Yugoslav Republic of Macedonia,Bosnia and Herzegovina,21
The former Yugoslav Republic of Macedonia,Serbia,1055
Togo,Burundi,10
Togo,Central African Republic,23
Togo,Chad,16
Togo,Congo,30
Togo,Côte d'Ivoire,5593
Togo,Democratic Republic of the Congo,101
Togo,Ghana,17371
Togo,Mali,137
Togo,Nigeria,19
Togo,Rwanda,224
Trinidad and Tobago,Colombia,8
Tunisia,Algeria,20
Tunisia,Chad,21
Tunisia,Côte d'Ivoire,15
Tunisia,Democratic Republic of the Congo,8
Tunisia,Eritrea,130
Tunisia,Ethiopia,86
Tunisia,Iran (Islamic Republic of),6
Tunisia,Iraq,137
Tunisia,Mali,6
Tunisia,Palestinian,37
Tunisia,Rwanda,9
Tunisia,Somalia,510
Tunisia,Sudan,427
Tunisia,Syrian Arab Republic,6
Turkey,Afghanistan,3517
Turkey,Cameroon,6
Turkey,China,5
Turkey,Côte d'Ivoire,13
Turkey,Democratic Republic of the Congo,35
Turkey,Egypt,13
Turkey,Eritrea,49
Turkey,Ethiopia,74
Turkey,Guinea,8
Turkey,Iran (Islamic Republic of),3040
Turkey,Iraq,9478
Turkey,Jordan,8
Turkey,Kyrgyzstan,163
Turkey,Lebanon,6
Turkey,Morocco,9
Turkey,Pakistan,19
Turkey,Palestinian,146
Turkey,Russian Federation,5
Turkey,Somalia,1669
Turkey,Sri Lanka,19
Turkey,Stateless,18
Turkey,Sudan,179
Turkey,Syrian Arab Republic,248466
Turkey,Turkmenistan,5
Turkey,Uzbekistan,56
Turkey,Yemen,17
Turkmenistan,Afghanistan,19
Turkmenistan,Azerbaijan,22
Uganda,Burundi,10728
Uganda,Central African Republic,9
Uganda,Chad,6
Uganda,Democratic Republic of the Congo,127021
Uganda,Egypt,6
Uganda,Eritrea,4630
Uganda,Ethiopia,1529
Uganda,Kenya,1124
Uganda,Liberia,5
Uganda,Libya,12
Uganda,Pakistan,63
Uganda,Rwanda,14684
Uganda,Somalia,19000
Uganda,South Sudan,11135
Uganda,Sudan,7910
Uganda,United Republic of Tanzania,5
Ukraine,Afghanistan,1480
Ukraine,Angola,29
Ukraine,Armenia,200
Ukraine,Azerbaijan,181
Ukraine,Bangladesh,8
Ukraine,Belarus,21
Ukraine,Burundi,7
Ukraine,Chad,7
Ukraine,Congo,21
Ukraine,Democratic Republic of the Congo,65
Ukraine,Eritrea,7
Ukraine,Ethiopia,16
Ukraine,Georgia,66
Ukraine,Iran (Islamic Republic of),50
Ukraine,Iraq,77
Ukraine,Kazakhstan,8
Ukraine,Kyrgyzstan,8
Ukraine,Lebanon,6
Ukraine,Palestinian,35
Ukraine,Russian Federation,105
Ukraine,Serbia,5
Ukraine,Somalia,112
Ukraine,Sri Lanka,8
Ukraine,Stateless,23
Ukraine,Sudan,53
Ukraine,Syrian Arab Republic,63
Ukraine,Tajikistan,9
Ukraine,Turkey,11
Ukraine,Turkmenistan,12
Ukraine,Uzbekistan,67
United Arab Emirates,Iraq,548
United Arab Emirates,Somalia,19
United Arab Emirates,Sri Lanka,39
United Arab Emirates,Sudan,6
United Arab Emirates,Syrian Arab Republic,16
United Kingdom of Great Britain and Northern Ireland,Various,34252
United Kingdom of Great Britain and Northern Ireland,Afghanistan,9845
United Kingdom of Great Britain and Northern Ireland,Albania,1139
United Kingdom of Great Britain and Northern Ireland,Algeria,636
United Kingdom of Great Britain and Northern Ireland,Angola,1156
United Kingdom of Great Britain and Northern Ireland,Armenia,30
United Kingdom of Great Britain and Northern Ireland,Azerbaijan,86
United Kingdom of Great Britain and Northern Ireland,Bahrain,101
United Kingdom of Great Britain and Northern Ireland,Bangladesh,1425
United Kingdom of Great Britain and Northern Ireland,Belarus,145
United Kingdom of Great Britain and Northern Ireland,Benin,10
United Kingdom of Great Britain and Northern Ireland,Bhutan,100
United Kingdom of Great Britain and Northern Ireland,Bolivia (Plurinational State of),19
United Kingdom of Great Britain and Northern Ireland,Bosnia and Herzegovina,55
United Kingdom of Great Britain and Northern Ireland,Botswana,11
United Kingdom of Great Britain and Northern Ireland,Brazil,9
United Kingdom of Great Britain and Northern Ireland,Bulgaria,11
United Kingdom of Great Britain and Northern Ireland,Burkina Faso,6
United Kingdom of Great Britain and Northern Ireland,Burundi,889
United Kingdom of Great Britain and Northern Ireland,Cameroon,763
United Kingdom of Great Britain and Northern Ireland,Chad,46
United Kingdom of Great Britain and Northern Ireland,China,2158
United Kingdom of Great Britain and Northern Ireland,Colombia,341
United Kingdom of Great Britain and Northern Ireland,Congo,500
United Kingdom of Great Britain and Northern Ireland,Côte d'Ivoire,548
United Kingdom of Great Britain and Northern Ireland,Croatia,16
United Kingdom of Great Britain and Northern Ireland,Cuba,16
United Kingdom of Great Britain and Northern Ireland,Czech Republic,35
United Kingdom of Great Britain and Northern Ireland,Democratic People's Republic of Korea,619
United Kingdom of Great Britain and Northern Ireland,Democratic Republic of the Congo,3313
United Kingdom of Great Britain and Northern Ireland,Ecuador,97
United Kingdom of Great Britain and Northern Ireland,Egypt,204
United Kingdom of Great Britain and Northern Ireland,Eritrea,9903
United Kingdom of Great Britain and Northern Ireland,Ethiopia,1508
United Kingdom of Great Britain and Northern Ireland,Fiji,8
United Kingdom of Great Britain and Northern Ireland,Gambia,794
United Kingdom of Great Britain and Northern Ireland,Georgia,66
United Kingdom of Great Britain and Northern Ireland,Ghana,200
United Kingdom of Great Britain and Northern Ireland,Grenada,5
United Kingdom of Great Britain and Northern Ireland,Guinea,413
United Kingdom of Great Britain and Northern Ireland,Guinea-Bissau,9
United Kingdom of Great Britain and Northern Ireland,Guyana,12
United Kingdom of Great Britain and Northern Ireland,Honduras,16
United Kingdom of Great Britain and Northern Ireland,India,347
United Kingdom of Great Britain and Northern Ireland,Indonesia,9
United Kingdom of Great Britain and Northern Ireland,Iran (Islamic Republic of),11433
United Kingdom of Great Britain and Northern Ireland,Iraq,5755
United Kingdom of Great Britain and Northern Ireland,Israel,12
United Kingdom of Great Britain and Northern Ireland,Jamaica,472
United Kingdom of Great Britain and Northern Ireland,Jordan,27
United Kingdom of Great Britain and Northern Ireland,Kazakhstan,5
United Kingdom of Great Britain and Northern Ireland,Kenya,469
United Kingdom of Great Britain and Northern Ireland,Kuwait,584
United Kingdom of Great Britain and Northern Ireland,Kyrgyzstan,21
United Kingdom of Great Britain and Northern Ireland,Lebanon,107
United Kingdom of Great Britain and Northern Ireland,Liberia,307
United Kingdom of Great Britain and Northern Ireland,Libya,655
United Kingdom of Great Britain and Northern Ireland,Lithuania,7
United Kingdom of Great Britain and Northern Ireland,Malawi,171
United Kingdom of Great Britain and Northern Ireland,Malaysia,50
United Kingdom of Great Britain and Northern Ireland,Maldives,9
United Kingdom of Great Britain and Northern Ireland,Mali,13
United Kingdom of Great Britain and Northern Ireland,Mauritania,9
United Kingdom of Great Britain and Northern Ireland,Mauritius,25
United Kingdom of Great Britain and Northern Ireland,Mongolia,83
United Kingdom of Great Britain and Northern Ireland,Morocco,91
United Kingdom of Great Britain and Northern Ireland,Myanmar,863
United Kingdom of Great Britain and Northern Ireland,Namibia,5
United Kingdom of Great Britain and Northern Ireland,Nepal,119
United Kingdom of Great Britain and Northern Ireland,Niger,5
United Kingdom of Great Britain and Northern Ireland,Nigeria,1166
United Kingdom of Great Britain and Northern Ireland,Oman,5
United Kingdom of Great Britain and Northern Ireland,Pakistan,4751
United Kingdom of Great Britain and Northern Ireland,Palestinian,282
United Kingdom of Great Britain and Northern Ireland,Poland,51
United Kingdom of Great Britain and Northern Ireland,Republic of Korea,5
United Kingdom of Great Britain and Northern Ireland,Republic of Moldova,162
United Kingdom of Great Britain and Northern Ireland,Romania,233
United Kingdom of Great Britain and Northern Ireland,Russian Federation,1106
United Kingdom of Great Britain and Northern Ireland,Rwanda,431
United Kingdom of Great Britain and Northern Ireland,Saint Vincent and the Grenadines,5
United Kingdom of Great Britain and Northern Ireland,Saudi Arabia,37
United Kingdom of Great Britain and Northern Ireland,Senegal,42
United Kingdom of Great Britain and Northern Ireland,Serbia,2328
United Kingdom of Great Britain and Northern Ireland,Sierra Leone,640
United Kingdom of Great Britain and Northern Ireland,Somalia,15134
United Kingdom of Great Britain and Northern Ireland,South Africa,119
United Kingdom of Great Britain and Northern Ireland,Sri Lanka,4475
United Kingdom of Great Britain and Northern Ireland,Stateless,727
United Kingdom of Great Britain and Northern Ireland,Sudan,3750
United Kingdom of Great Britain and Northern Ireland,Swaziland,15
United Kingdom of Great Britain and Northern Ireland,Syrian Arab Republic,1717
United Kingdom of Great Britain and Northern Ireland,Thailand,25
United Kingdom of Great Britain and Northern Ireland,The former Yugoslav Republic of Macedonia,83
United Kingdom of Great Britain and Northern Ireland,Togo,48
United Kingdom of Great Britain and Northern Ireland,Trinidad and Tobago,22
United Kingdom of Great Britain and Northern Ireland,Tunisia,32
United Kingdom of Great Britain and Northern Ireland,Turkey,4171
United Kingdom of Great Britain and Northern Ireland,Turkmenistan,37
United Kingdom of Great Britain and Northern Ireland,Uganda,1269
United Kingdom of Great Britain and Northern Ireland,Ukraine,192
United Kingdom of Great Britain and Northern Ireland,United Arab Emirates,7
United Kingdom of Great Britain and Northern Ireland,United Kingdom of Great Britain and Northern Ireland,8
United Kingdom of Great Britain and Northern Ireland,United Republic of Tanzania,84
United Kingdom of Great Britain and Northern Ireland,United States of America,14
United Kingdom of Great Britain and Northern Ireland,Uzbekistan,52
United Kingdom of Great Britain and Northern Ireland,Venezuela (Bolivarian Republic of),17
United Kingdom of Great Britain and Northern Ireland,Viet Nam,908
United Kingdom of Great Britain and Northern Ireland,Western Sahara,6
United Kingdom of Great Britain and Northern Ireland,Yemen,209
United Kingdom of Great Britain and Northern Ireland,Zambia,39
United Kingdom of Great Britain and Northern Ireland,Zimbabwe,12158
United Republic of Tanzania,Various,243
United Republic of Tanzania,Burundi,35343
United Republic of Tanzania,Democratic Republic of the Congo,63330
United Republic of Tanzania,Somalia,2105
United States of America,Various,1681
United States of America,Afghanistan,1017
United States of America,Albania,4422
United States of America,Algeria,216
United States of America,Andorra,6
United States of America,Angola,134
United States of America,Argentina,123
United States of America,Armenia,4076
United States of America,Austria,5
United States of America,Azerbaijan,582
United States of America,Bahamas,180
United States of America,Bahrain,40
United States of America,Bangladesh,1117
United States of America,Belarus,2054
United States of America,Belgium,38
United States of America,Belize,29
United States of America,Benin,64
United States of America,Bhutan,70
United States of America,Bolivia (Plurinational State of),137
United States of America,Bosnia and Herzegovina,200
United States of America,Botswana,5
United States of America,Brazil,679
United States of America,Bulgaria,796
United States of America,Burkina Faso,548
United States of America,Burundi,464
United States of America,Cambodia,356
United States of America,Cameroon,6676
United States of America,Canada,58
United States of America,Central African Republic,228
United States of America,Chad,436
United States of America,Chile,69
United States of America,China,60615
United States of America,Colombia,17766
United States of America,Comoros,7
United States of America,Congo,1608
United States of America,Costa Rica,20
United States of America,Côte d'Ivoire,1842
United States of America,Croatia,60
United States of America,Cuba,677
United States of America,Czech Republic,33
United States of America,Democratic People's Republic of Korea,23
United States of America,Democratic Republic of the Congo,891
United States of America,Djibouti,88
United States of America,Dominica,11
United States of America,Dominican Republic,60
United States of America,Ecuador,185
United States of America,Egypt,6297
United States of America,El Salvador,6037
United States of America,Equatorial Guinea,10
United States of America,Eritrea,3512
United States of America,Estonia,328
United States of America,Ethiopia,10508
United States of America,Fiji,617
United States of America,Finland,5
United States of America,France,42
United States of America,Gabon,58
United States of America,Gambia,1049
United States of America,Georgia,693
United States of America,Germany,64
United States of America,Ghana,185
United States of America,Greece,29
United States of America,Grenada,19
United States of America,Guatemala,5174
United States of America,Guinea,3643
United States of America,Guinea-Bissau,38
United States of America,Guyana,145
United States of America,Haiti,26849
United States of America,Honduras,1674
United States of America,"Hong Kong SAR, China",6
United States of America,Hungary,27
United States of America,India,5041
United States of America,Indonesia,4481
United States of America,Iran (Islamic Republic of),4313
United States of America,Iraq,4759
United States of America,Israel,188
United States of America,Italy,27
United States of America,Jamaica,340
United States of America,Japan,12
United States of America,Jordan,399
United States of America,Kazakhstan,536
United States of America,Kenya,2512
United States of America,Kuwait,74
United States of America,Kyrgyzstan,626
United States of America,Lao People's Democratic Republic,252
United States of America,Latvia,105
United States of America,Lebanon,515
United States of America,Liberia,2149
United States of America,Libya,137
United States of America,Lithuania,81
United States of America,Madagascar,17
United States of America,Malawi,40
United States of America,Malaysia,137
United States of America,Maldives,8
United States of America,Mali,949
United States of America,Mauritania,1731
United States of America,Mauritius,16
United States of America,Mexico,2352
United States of America,Mongolia,844
United States of America,Montenegro,95
United States of America,Morocco,117
United States of America,Myanmar,2739
United States of America,Namibia,41
United States of America,Nepal,5121
United States of America,Netherlands,12
United States of America,Nicaragua,424
United States of America,Niger,219
United States of America,Nigeria,719
United States of America,Niue,10
United States of America,Pakistan,3105
United States of America,Palestinian,8
United States of America,Panama,32
United States of America,Paraguay,28
United States of America,Peru,1091
United States of America,Philippines,271
United States of America,Poland,56
United States of America,Portugal,10
United States of America,Qatar,9
United States of America,Republic of Korea,31
United States of America,Republic of Moldova,906
United States of America,Romania,635
United States of America,Russian Federation,6714
United States of America,Rwanda,946
United States of America,Saint Lucia,11
United States of America,Saint Vincent and the Grenadines,5
United States of America,Saudi Arabia,133
United States of America,Senegal,360
United States of America,Serbia,1791
United States of America,Seychelles,15
United States of America,Sierra Leone,1017
United States of America,Singapore,28
United States of America,Slovakia,23
United States of America,Slovenia,11
United States of America,Somalia,2412
United States of America,South Africa,95
United States of America,Spain,14
United States of America,Sri Lanka,1252
United States of America,Stateless,1052
United States of America,Sudan,1427
United States of America,Suriname,5
United States of America,Sweden,11
United States of America,Syrian Arab Republic,1425
United States of America,Tajikistan,186
United States of America,Thailand,29
United States of America,The former Yugoslav Republic of Macedonia,187
United States of America,Togo,2048
United States of America,Trinidad and Tobago,62
United States of America,Tunisia,36
United States of America,Turkey,496
United States of America,Turkmenistan,295
United States of America,Turks and Caicos Islands,14
United States of America,Uganda,1231
United States of America,Ukraine,1411
United States of America,United Arab Emirates,30
United States of America,United Kingdom of Great Britain and Northern Ireland,53
United States of America,United Republic of Tanzania,168
United States of America,Uruguay,15
United States of America,Uzbekistan,1687
United States of America,Venezuela (Bolivarian Republic of),6995
United States of America,Viet Nam,265
United States of America,Yemen,343
United States of America,Zambia,96
United States of America,Zimbabwe,1866
Uruguay,Cameroon,6
Uruguay,Colombia,94
Uruguay,Cuba,6
Uruguay,Ecuador,7
Uruguay,Latvia,5
Uruguay,Nigeria,13
Uruguay,Peru,7
Uruguay,Russian Federation,11
Uruguay,Ukraine,11
Uzbekistan,Afghanistan,173
Venezuela (Bolivarian Republic of),China,5
Venezuela (Bolivarian Republic of),Colombia,203563
Venezuela (Bolivarian Republic of),Haiti,15
Venezuela (Bolivarian Republic of),Peru,7
Venezuela (Bolivarian Republic of),Serbia,5
Yemen,Egypt,14
Yemen,Eritrea,1055
Yemen,Ethiopia,5221
Yemen,Iran (Islamic Republic of),7
Yemen,Iraq,3431
Yemen,Jordan,8
Yemen,Palestinian,401
Yemen,Somalia,226909
Yemen,Sudan,56
Yemen,Syrian Arab Republic,42
Yemen,United Republic of Tanzania,10
Yemen,Viet Nam,17
Zambia,Burundi,2378
Zambia,Democratic Republic of the Congo,14871
Zambia,Eritrea,9
Zambia,Ethiopia,64
Zambia,Lebanon,6
Zambia,Liberia,23
Zambia,Palestinian,5
Zambia,Rwanda,5963
Zambia,Somalia,2177
Zambia,Sudan,28
Zambia,Uganda,112
Zambia,Zimbabwe,6
Zimbabwe,Burundi,526
Zimbabwe,Congo,21
Zimbabwe,Democratic Republic of the Congo,2978
Zimbabwe,Eritrea,9
Zimbabwe,Ethiopia,44
Zimbabwe,Rwanda,723
Zimbabwe,Somalia,22
Zimbabwe,Sudan,14
Zimbabwe,Uganda,12
